set_num,name,ebay_list_eur,ebay_coupon_eur,ebay_best_eur,ebay_sold,ebay_url
21318,Ideas 21318 Baumhaus / Treehouse,210.0,201.6,201.6,1852,https://www.ebay.de/sch/i.html?_ssn=knoppers55&_nkw=21318
71043,LEGO® Harry Potter 71043 Schloss Hogwarts NEU & OVP,409.99,377.19,377.19,1774,https://www.ebay.de/sch/i.html?_ssn=knoppers55&_nkw=71043
76909,LEGO® Speed Champions 76909 Mercedes-AMG F1 W12 & Project One,39.0,37.83,37.83,1689,https://www.ebay.de/sch/i.html?_ssn=knoppers55&_nkw=76909
10255,LEGO® Creator 10255 Stadtleben Assembly Square NEU OVP EOL!,319.99,294.39,294.39,1645,https://www.ebay.de/sch/i.html?_ssn=knoppers55&_nkw=10255
21246,Minecraft 21246 Das Duell in der Finsternis,99.99,95.99,95.99,1281,https://www.ebay.de/sch/i.html?_ssn=knoppers55&_nkw=21246
75383,LEGO® Star Wars 75383 Darth Mauls Sith Infiltrator EOL!,69.99,65.79,65.79,1184,https://www.ebay.de/sch/i.html?_ssn=knoppers55&_nkw=75383
21343,LEGO® Ideas 21343 Wikingerdorf NEU OVP EXKLUSIV!,134.0,125.96,125.96,1180,https://www.ebay.de/sch/i.html?_ssn=knoppers55&_nkw=21343
10318,LEGO® Icons 10318 Concorde NEU OVP EXKLUSIV!,189.99,174.79,174.79,1161,https://www.ebay.de/sch/i.html?_ssn=knoppers55&_nkw=10318
75394,LEGO® Star Wars 75394 Imperialer Sternzerstörer EXKLUSIV!,164.99,156.74,156.74,1086,https://www.ebay.de/sch/i.html?_ssn=knoppers55&_nkw=75394
21349,LEGO® Ideas 21349 Schwarz-weiße Katze EXKLUSIV,95.0,,95.0,848,https://www.ebay.de/sch/i.html?_ssn=knoppers55&_nkw=21349
77241,LEGO® Speed Champions 77241 2 Fast 2 Furious Honda S2000,31.0,,31.0,747,https://www.ebay.de/sch/i.html?_ssn=knoppers55&_nkw=77241
75980,Harry Potter 75980 Angriff auf den Fuchsbau EOL,139.0,133.44,133.44,714,https://www.ebay.de/sch/i.html?_ssn=knoppers55&_nkw=75980
21330,LEGO® Ideas 21330 McCallister House aus Home Alone,279.0,259.47,259.47,712,https://www.ebay.de/sch/i.html?_ssn=knoppers55&_nkw=21330
75356,LEGO® Star Wars 75356 Supersternzerstörer Executor,67.0,,67.0,703,https://www.ebay.de/sch/i.html?_ssn=knoppers55&_nkw=75356
40755,LEGO® Star Wars 40755 Imperial Dropship vs. Rebel Scout Speeder,44.99,42.74,42.74,654,https://www.ebay.de/sch/i.html?_ssn=knoppers55&_nkw=40755
60467,LEGO® City 60467 Schwerlast-Abschleppwagen mit Kran,99.99,,99.99,639,https://www.ebay.de/sch/i.html?_ssn=knoppers55&_nkw=60467
10309,LEGO® Creator Expert 10309 Sukkulenten EXKLUSIV NEU OVP,55.0,,55.0,600,https://www.ebay.de/sch/i.html?_ssn=knoppers55&_nkw=10309
75351,LEGO® Star Wars 75351 Princess Leia (Boushh) Helm NEU OVP,64.99,60.44,60.44,546,https://www.ebay.de/sch/i.html?_ssn=knoppers55&_nkw=75351
21333,LEGO® Ideas 21333 Vincent van Gogh Sternennacht,159.99,154.99,154.99,533,https://www.ebay.de/sch/i.html?_ssn=knoppers55&_nkw=21333
10273,LEGO® 10273 Geisterhaus auf dem Jahrmarkt NEU OVP EXKLUSIV,279.99,257.59,257.59,496,https://www.ebay.de/sch/i.html?_ssn=knoppers55&_nkw=10273
10350,LEGO® Icons 10350 Eckhaus im Tudorstil NEU OVP EXKLUSIV!,209.99,201.59,201.59,474,https://www.ebay.de/sch/i.html?_ssn=knoppers55&_nkw=10350
10372,LEGO® Icons 10372 Hibiskus EXKLUSIV!,69.0,66.93,66.93,473,https://www.ebay.de/sch/i.html?_ssn=knoppers55&_nkw=10372
10370,LEGO® Icons 10370 Weihnachtsstern NEU OVP!,55.0,52.8,52.8,464,https://www.ebay.de/sch/i.html?_ssn=knoppers55&_nkw=10370
10355,LEGO® Icons 10355 Blacktron Renegade NEU OVP EXKLUSIV!,89.99,84.59,84.59,436,https://www.ebay.de/sch/i.html?_ssn=knoppers55&_nkw=10355
10328,LEGO® Icons 10328 Rosenstrauß NEU OVP,41.0,,41.0,432,https://www.ebay.de/sch/i.html?_ssn=knoppers55&_nkw=10328
40712,LEGO® 40712 Mikro-Startrampe NEU OVP EXKLUSIV!,35.0,33.6,33.6,390,https://www.ebay.de/sch/i.html?_ssn=knoppers55&_nkw=40712
76199,LEGO® Super Heroes 76199 Carnage NEU OVP,80.0,,80.0,378,https://www.ebay.de/sch/i.html?_ssn=knoppers55&_nkw=76199
75810,75810 Stranger Things The Upside Down EOL,699.0,671.04,671.04,370,https://www.ebay.de/sch/i.html?_ssn=knoppers55&_nkw=75810
10311,Creator Expert 10311 Orchidee,45.0,,45.0,356,https://www.ebay.de/sch/i.html?_ssn=knoppers55&_nkw=10311
40478,LEGO® 40478 Kleines Disney Schloss NEU OVP,44.99,,44.99,310,https://www.ebay.de/sch/i.html?_ssn=knoppers55&_nkw=40478
76968,LEGO® Jurassic World 76968 Dino-Fossilien: Tyrannosaurus rex,234.99,231.99,231.99,301,https://www.ebay.de/sch/i.html?_ssn=knoppers55&_nkw=76968
40573,LEGO® Promotional 40573 Weihnachtsbaum NEU OVP!,39.0,,39.0,294,https://www.ebay.de/sch/i.html?_ssn=knoppers55&_nkw=40573
40719,LEGO® 40719 Traditionelles Schachspiel NEU OVP EXKLUSIV!,79.99,,79.99,291,https://www.ebay.de/sch/i.html?_ssn=knoppers55&_nkw=40719
75385,Star Wars 75385 Ahsoka Tanos Duell auf Peridea,69.99,67.19,67.19,279,https://www.ebay.de/sch/i.html?_ssn=knoppers55&_nkw=75385
10326,LEGO® Icons 10326 Naturhistorisches Museum,299.99,287.99,287.99,277,https://www.ebay.de/sch/i.html?_ssn=knoppers55&_nkw=10326
76437,LEGO® Harry Potter 76437 Der Fuchsbau Sammleredition,239.99,,239.99,275,https://www.ebay.de/sch/i.html?_ssn=knoppers55&_nkw=76437
853910,LEGO® 853910 Minifiguren-Keramikbecher NEU OVP,19.99,19.19,19.19,275,https://www.ebay.de/sch/i.html?_ssn=knoppers55&_nkw=853910
10316,LEGO® Icons 10316 Herr der Ringe - Bruchtal NEU OVP EXKLUSIV!,455.0,423.15,423.15,273,https://www.ebay.de/sch/i.html?_ssn=knoppers55&_nkw=10316
40649,LEGO® 40649 Große LEGO Minifigur NEU OVP EXKLUSIV!,64.99,59.79,59.79,270,https://www.ebay.de/sch/i.html?_ssn=knoppers55&_nkw=40649
76440,LEGO® Harry Potter 76440 Trimagisches Turnier: Die Ankunft EOL!,139.99,134.99,134.99,256,https://www.ebay.de/sch/i.html?_ssn=knoppers55&_nkw=76440
60440,LEGO® City 60440 Sattelzug NEU OVP EOL!,109.0,99.19,99.19,250,https://www.ebay.de/sch/i.html?_ssn=knoppers55&_nkw=60440
43242,LEGO® Disney 43242 Hütte Schneewittchen und sieben Zwerge NEU OVP!,299.99,269.99,269.99,232,https://www.ebay.de/sch/i.html?_ssn=knoppers55&_nkw=43242
21338,LEGO® Ideas 21338 Finnhütte NEU OVP! EOL!,199.99,,199.99,222,https://www.ebay.de/sch/i.html?_ssn=knoppers55&_nkw=21338
21348,LEGO® Ideas 21348 Dungeons & Dragons: Die Sage vom Roten Drachen,399.99,,399.99,218,https://www.ebay.de/sch/i.html?_ssn=knoppers55&_nkw=21348
40813,40813 Glückskatze,36.0,,36.0,216,https://www.ebay.de/sch/i.html?_ssn=knoppers55&_nkw=40813
10300,LEGO® Icons 10300 Die Zeitmaschine Zurück in die Zukunft,179.99,167.39,167.39,215,https://www.ebay.de/sch/i.html?_ssn=knoppers55&_nkw=10300
11373,LEGO® Icons 11373 Der Herr der Ringe: Saurons Helm,55.0,52.8,52.8,211,https://www.ebay.de/sch/i.html?_ssn=knoppers55&_nkw=11373
40499,LEGO® 40499 Schlitten des Weihnachtsmanns NEU OVP,29.99,28.79,28.79,210,https://www.ebay.de/sch/i.html?_ssn=knoppers55&_nkw=40499
21358,LEGO® Ideas 21358 Spielzeugautomat mit Minifiguren EXKLUSIV!,159.0,,159.0,207,https://www.ebay.de/sch/i.html?_ssn=knoppers55&_nkw=21358
30628,Harry Potter 30628 Das Monsterbuch der Monster,79.0,,79.0,203,https://www.ebay.de/sch/i.html?_ssn=knoppers55&_nkw=30628
76959,LEGO® Jurassic World 76959 Triceratops-Forschung NEU OVP,55.0,52.25,52.25,199,https://www.ebay.de/sch/i.html?_ssn=knoppers55&_nkw=76959
76333,LEGO® Super Heroes 76333 Batman & Robin: Batmobil EXKLUSIV!,29.99,27.59,27.59,198,https://www.ebay.de/sch/i.html?_ssn=knoppers55&_nkw=76333
10345,LEGO® Botanicals 10345 Blumengesteck NEU OVP EXKLUSIV!,105.0,100.0,100.0,197,https://www.ebay.de/sch/i.html?_ssn=knoppers55&_nkw=10345
21342,LEGO® Ideas 21342 Die Insektensammlung NEU OVP EXKLUSIV!,79.99,76.79,76.79,184,https://www.ebay.de/sch/i.html?_ssn=knoppers55&_nkw=21342
10332,LEGO® Icons 10332 Mittelalterlicher Stadtplatz NEU OVP EXKLUSIV!,229.99,218.49,218.49,183,https://www.ebay.de/sch/i.html?_ssn=knoppers55&_nkw=10332
71799,Ninjago 71799 Die Märkte von NINJAGO City,499.99,479.99,479.99,182,https://www.ebay.de/sch/i.html?_ssn=knoppers55&_nkw=71799
77073,Fortnite 77073 Schlachtenbus,99.99,,99.99,178,https://www.ebay.de/sch/i.html?_ssn=knoppers55&_nkw=77073
21350,LEGO® Ideas 21350 Der weiße Hai NEU OVP EXKLUSIV!,159.99,147.19,147.19,177,https://www.ebay.de/sch/i.html?_ssn=knoppers55&_nkw=21350
43249,Disney 43249 Stitch,55.0,,55.0,177,https://www.ebay.de/sch/i.html?_ssn=knoppers55&_nkw=43249
10290,Creator Expert 10290 Pickup,150.0,,150.0,176,https://www.ebay.de/sch/i.html?_ssn=knoppers55&_nkw=10290
21376,LEGO® Ideas 21376 Orangefarbene Katze EXKLUSIV!,95.0,91.2,91.2,173,https://www.ebay.de/sch/i.html?_ssn=knoppers55&_nkw=21376
21341,LEGO® Ideas 21341 Disney Hocus Pocus: Hexenhaus Sanderson,249.99,227.49,227.49,173,https://www.ebay.de/sch/i.html?_ssn=knoppers55&_nkw=21341
76974,LEGO® Jurassic World 76974 Mosasaurier: Die Bootmission NEU OVP,55.0,,55.0,164,https://www.ebay.de/sch/i.html?_ssn=knoppers55&_nkw=76974
77256,LEGO® Speed Champions 77256 Zeitmaschine Zurück in die Zukunft,25.0,23.25,23.25,158,https://www.ebay.de/sch/i.html?_ssn=knoppers55&_nkw=77256
40575,LEGO® 40575 Jahr des Kaninchens NEU OVP EXKLUSIV!,14.99,,14.99,152,https://www.ebay.de/sch/i.html?_ssn=knoppers55&_nkw=40575
40355,LEGO® 40355 Jahr der Ratte,15.0,14.55,14.55,150,https://www.ebay.de/sch/i.html?_ssn=knoppers55&_nkw=40355
42184,Technic 42184 Koenigsegg Jesko Absolut,59.99,57.59,57.59,144,https://www.ebay.de/sch/i.html?_ssn=knoppers55&_nkw=42184
71051,LEGO® 71051 Minifiguren Serie 28 - 12er Set,39.99,38.39,38.39,143,https://www.ebay.de/sch/i.html?_ssn=knoppers55&_nkw=71051
40659,LEGO® Disney 40659 Steamboat Willie Mini-Modell EXKLUSIV!,40.0,38.4,38.4,141,https://www.ebay.de/sch/i.html?_ssn=knoppers55&_nkw=40659
40650,LEGO® Creator 40650 Klassischer Land Rover Defender NEU OVP,19.99,19.19,19.19,138,https://www.ebay.de/sch/i.html?_ssn=knoppers55&_nkw=40650
71841,Ninjago 71841 Drachensturmdorf,39.0,,39.0,138,https://www.ebay.de/sch/i.html?_ssn=knoppers55&_nkw=71841
10340,LEGO® Icons 10340 Weihnachtskranz NEU OVP!,95.0,87.4,87.4,136,https://www.ebay.de/sch/i.html?_ssn=knoppers55&_nkw=10340
75409,LEGO® Star Wars 75409 Jango Fetts Sternenschiff Firespray-Klasse,279.0,256.68,256.68,126,https://www.ebay.de/sch/i.html?_ssn=knoppers55&_nkw=75409
10352,LEGO® Icons 10352 The Simpsons™: Krusty Burger EXKLUSIV!,184.99,168.34,168.34,125,https://www.ebay.de/sch/i.html?_ssn=knoppers55&_nkw=10352
75435,LEGO® Star Wars 75435 MTT der Separatisten Schlacht von Felucia,122.0,114.68,114.68,125,https://www.ebay.de/sch/i.html?_ssn=knoppers55&_nkw=75435
21355,LEGO® Ideas 21355 Die Entstehung von MINT NEU OVP EXKLUSIV!,74.99,71.99,71.99,124,https://www.ebay.de/sch/i.html?_ssn=knoppers55&_nkw=21355
40801,"BrickHeadz 40801 Mike, Dustin, Lucas und Will",44.99,,44.99,124,https://www.ebay.de/sch/i.html?_ssn=knoppers55&_nkw=40801
21357,LEGO® Ideas 21357 Disney Pixar Luxo Jr. NEU!,54.0,51.3,51.3,123,https://www.ebay.de/sch/i.html?_ssn=knoppers55&_nkw=21357
10360,LEGO® Icons 10360 Spaceshuttle-Transport-Jumbo EXKLUSIV!,210.0,,210.0,122,https://www.ebay.de/sch/i.html?_ssn=knoppers55&_nkw=10360
40921,LEGO® 40921 Große Minifigur Blauer Astronaut EXKLUSIV!,59.99,58.19,58.19,110,https://www.ebay.de/sch/i.html?_ssn=knoppers55&_nkw=40921
21271,LEGO® Minecraft 21271 Prüfungskammern NEU OVP EXKLUSIV!,41.99,40.31,40.31,107,https://www.ebay.de/sch/i.html?_ssn=knoppers55&_nkw=21271
43021,LEGO® 43021 Nike Dunk Trickshot EXKLUSIV!,49.99,46.49,46.49,105,https://www.ebay.de/sch/i.html?_ssn=knoppers55&_nkw=43021
77252,LEGO® Speed Champions 77252 APXGP Team Race Car F1 Der Film,29.99,28.79,28.79,100,https://www.ebay.de/sch/i.html?_ssn=knoppers55&_nkw=77252
40820,40820 Große Weihnachtsmann-Minifigur,79.0,75.84,75.84,97,https://www.ebay.de/sch/i.html?_ssn=knoppers55&_nkw=40820
75406,LEGO® Star Wars 75406 Kylo Rens Kommandoshuttle NEU OVP,64.99,,64.99,96,https://www.ebay.de/sch/i.html?_ssn=knoppers55&_nkw=75406
71855,LEGO® Ninjago 71855 Showdown mit dem Ninja-Drachen Riyu,45.0,43.2,43.2,95,https://www.ebay.de/sch/i.html?_ssn=knoppers55&_nkw=71855
42175,LEGO® Technic 42175 Volvo FMX LKW mit EC230 Electric Raupenbagger,171.0,164.16,164.16,94,https://www.ebay.de/sch/i.html?_ssn=knoppers55&_nkw=42175
77015,Indiana Jones 77015 Tempel des goldenen Götzen,160.0,153.6,153.6,93,https://www.ebay.de/sch/i.html?_ssn=knoppers55&_nkw=77015
21337,LEGO® Ideas 21337 Tischkicker NEU OVP EXKLUSIV!,229.99,226.99,226.99,92,https://www.ebay.de/sch/i.html?_ssn=knoppers55&_nkw=21337
60475,City 60475 Adventskalender 2025,34.99,32.19,32.19,91,https://www.ebay.de/sch/i.html?_ssn=knoppers55&_nkw=60475
31212,LEGO® ART 31212 Die Milchstraßen-Galaxie NEU OVP!,165.0,155.1,155.1,90,https://www.ebay.de/sch/i.html?_ssn=knoppers55&_nkw=31212
21276,LEGO® Minecraft 21276 Der Creeper,39.99,,39.99,88,https://www.ebay.de/sch/i.html?_ssn=knoppers55&_nkw=21276
60512,LEGO® City 60512 Mountainbike-Abenteuervan EXKLUSIV!,24.99,22.99,22.99,83,https://www.ebay.de/sch/i.html?_ssn=knoppers55&_nkw=60512
40681,LEGO® Icons 40681 Retro Food Truck NEU OVP EXKLUSIV!,39.99,37.99,37.99,83,https://www.ebay.de/sch/i.html?_ssn=knoppers55&_nkw=40681
40819,LEGO® 40819 Große Rennfahrer-Minifigur EXKLUSIV!,64.99,62.39,62.39,80,https://www.ebay.de/sch/i.html?_ssn=knoppers55&_nkw=40819
76300,LEGO® Super Heroes 76300 Arkham Asylum NEU OVP EXKLUSIV!,289.0,286.0,286.0,79,https://www.ebay.de/sch/i.html?_ssn=knoppers55&_nkw=76300
11384,LEGO® Icons 11384 Golden Retriever Welpe NEU OVP EXKLUSIV!,109.99,105.59,105.59,79,https://www.ebay.de/sch/i.html?_ssn=knoppers55&_nkw=11384
40409,LEGO® 40409 Hot Rod NEU OVP,21.99,20.23,20.23,79,https://www.ebay.de/sch/i.html?_ssn=knoppers55&_nkw=40409
40916,LEGO® Botanicals 40916 Bepflanzter Bilderrahmen EXKLUSIV!,39.99,37.99,37.99,78,https://www.ebay.de/sch/i.html?_ssn=knoppers55&_nkw=40916
40619,BrickHeadz 40619 EVE und WALL-E,24.99,,24.99,78,https://www.ebay.de/sch/i.html?_ssn=knoppers55&_nkw=40619
10333,LEGO® Icons 10333 Herr der Ringe: Barad-dûr NEU OVP EXKLUSIV!,459.99,432.39,432.39,77,https://www.ebay.de/sch/i.html?_ssn=knoppers55&_nkw=10333
40560,BrickHeadz 40560 Die Professoren von Hogwarts,49.99,,49.99,76,https://www.ebay.de/sch/i.html?_ssn=knoppers55&_nkw=40560
40707,LEGO® 40707 Jahr der Schlange EXKLUSIV!,19.99,19.19,19.19,75,https://www.ebay.de/sch/i.html?_ssn=knoppers55&_nkw=40707
75430,LEGO® Star Wars 75430 Der Ewok Wicket,119.99,115.19,115.19,74,https://www.ebay.de/sch/i.html?_ssn=knoppers55&_nkw=75430
21262,LEGO® Minecraft 21262 Die Windmühlenfarm NEU EXKLUSIV!,59.99,,59.99,74,https://www.ebay.de/sch/i.html?_ssn=knoppers55&_nkw=21262
40766,LEGO® Promotional 40766 Hommage an Jane Austen EXKLUSIV!,55.0,53.35,53.35,72,https://www.ebay.de/sch/i.html?_ssn=knoppers55&_nkw=40766
40743,40743 Weihnachtsgesteck,39.0,,39.0,72,https://www.ebay.de/sch/i.html?_ssn=knoppers55&_nkw=40743
40955,LEGO® 40955 Maersk-Containerschiff Zweistoffantrieb,155.0,142.6,142.6,70,https://www.ebay.de/sch/i.html?_ssn=knoppers55&_nkw=40955
21356,LEGO® Ideas 21356 Flussraddampfer NEU OVP EXKLUSIV!,299.99,287.99,287.99,68,https://www.ebay.de/sch/i.html?_ssn=knoppers55&_nkw=21356
71813,LEGO® Ninjago 71813 Wolfsmasken-Dojo NEU EXKLUSIV,129.99,122.19,122.19,65,https://www.ebay.de/sch/i.html?_ssn=knoppers55&_nkw=71813
11375,LEGO® Icons 11375 Ferrari F2004 und Michael Schumacher,69.99,65.09,65.09,63,https://www.ebay.de/sch/i.html?_ssn=knoppers55&_nkw=11375
40759,LEGO® 40759 Festtagsserie: Valentinstag Geschenk,29.0,27.84,27.84,63,https://www.ebay.de/sch/i.html?_ssn=knoppers55&_nkw=40759
72046,LEGO® Gaming 72046 Game Boy NEU,59.99,57.59,57.59,63,https://www.ebay.de/sch/i.html?_ssn=knoppers55&_nkw=72046
40728,Fortnite 40728 Farbenbomber,19.99,,19.99,63,https://www.ebay.de/sch/i.html?_ssn=knoppers55&_nkw=40728
40450,LEGO® 40450 Hommage an Amelia Earhart NEU OVP EXKLUSIV!,35.0,33.6,33.6,62,https://www.ebay.de/sch/i.html?_ssn=knoppers55&_nkw=40450
60509,LEGO® City 60509 Harbor Freight Train with Crane & Truck,89.0,83.66,83.66,60,https://www.ebay.de/sch/i.html?_ssn=knoppers55&_nkw=60509
40805,LEGO® 40805 Spielautomat EXKLUSIV!,44.99,41.84,41.84,60,https://www.ebay.de/sch/i.html?_ssn=knoppers55&_nkw=40805
40486,40486 adidas Originals Superstar,49.99,47.99,47.99,60,https://www.ebay.de/sch/i.html?_ssn=knoppers55&_nkw=40486
40817,LEGO® 40817 Gelber Reisekoffer NEU,19.99,18.99,18.99,59,https://www.ebay.de/sch/i.html?_ssn=knoppers55&_nkw=40817
71048,LEGO® Minifigures 71048 Serie 27 - 12er Set,45.0,42.75,42.75,58,https://www.ebay.de/sch/i.html?_ssn=knoppers55&_nkw=71048
40824,40824 Liebesbote Tweety,39.99,,39.99,58,https://www.ebay.de/sch/i.html?_ssn=knoppers55&_nkw=40824
40528,LEGO® Store 40528 NEU OVP EXKLUSIV!,29.99,28.19,28.19,57,https://www.ebay.de/sch/i.html?_ssn=knoppers55&_nkw=40528
76457,LEGO® Harry Potter 76457 Dorf Hogsmeade Sammleredition,349.0,321.08,321.08,56,https://www.ebay.de/sch/i.html?_ssn=knoppers55&_nkw=76457
11371,LEGO® Icons 11371 Einkaufsmeile NEU OVP EXKLUSIV!,242.0,229.9,229.9,56,https://www.ebay.de/sch/i.html?_ssn=knoppers55&_nkw=11371
40757,LEGO® Icons 40757 Kiosk an der Ecke EXKLUSIV! NEU OVP!,35.0,33.25,33.25,56,https://www.ebay.de/sch/i.html?_ssn=knoppers55&_nkw=40757
40825,LEGO® 40825 Halloweenkranz EXKLUSIV!,44.99,42.74,42.74,56,https://www.ebay.de/sch/i.html?_ssn=knoppers55&_nkw=40825
40380,BrickHeadz 40380 Osterschaf,15.0,,15.0,56,https://www.ebay.de/sch/i.html?_ssn=knoppers55&_nkw=40380
40761,LEGO® Icons 40761 Herr der Ringe: Sméagol & Déagol EXKLUSIV!,99.99,91.99,91.99,55,https://www.ebay.de/sch/i.html?_ssn=knoppers55&_nkw=40761
21061,Architecture 21061 Notre-Dame de Paris,199.99,191.99,191.99,55,https://www.ebay.de/sch/i.html?_ssn=knoppers55&_nkw=21061
10374,Icons 10374 Rosa Rosenstrauß,59.99,,59.99,55,https://www.ebay.de/sch/i.html?_ssn=knoppers55&_nkw=10374
40867,LEGO® 40867 LOVE 4 Buchstaben EXKLUSIV!,24.99,22.99,22.99,53,https://www.ebay.de/sch/i.html?_ssn=knoppers55&_nkw=40867
10323,LEGO® Icons 10323 PAC-MAN Spielautomat NEU OVP EXKLUSIV!,279.99,257.59,257.59,53,https://www.ebay.de/sch/i.html?_ssn=knoppers55&_nkw=10323
40352,BrickHeadz 40352 Erntedankfest-Vogelscheuche,17.0,,17.0,52,https://www.ebay.de/sch/i.html?_ssn=knoppers55&_nkw=40352
21367,LEGO® Ideas 21367 Die Mondrakete von Tim und Struppi NEU OVP,139.99,131.59,131.59,50,https://www.ebay.de/sch/i.html?_ssn=knoppers55&_nkw=21367
40588,Promotional 40588 Blumentopf,49.99,47.99,47.99,50,https://www.ebay.de/sch/i.html?_ssn=knoppers55&_nkw=40588
40793,LEGO® BrickHeadz 40793 Tom & Jerry Figuren,19.99,19.19,19.19,49,https://www.ebay.de/sch/i.html?_ssn=knoppers55&_nkw=40793
43008,LEGO® 43008 Nike Dunk x LEGO Set EXKLUSIV!,109.99,98.99,98.99,48,https://www.ebay.de/sch/i.html?_ssn=knoppers55&_nkw=43008
76449,LEGO® Harry Potter 76449 Beißendes Monsterbuch der Monster,52.0,48.88,48.88,48,https://www.ebay.de/sch/i.html?_ssn=knoppers55&_nkw=76449
76251,LEGO® Super Heroes 76251 Star-Lords Helm NEU EXKLUSIV!,89.99,86.39,86.39,45,https://www.ebay.de/sch/i.html?_ssn=knoppers55&_nkw=76251
60494,LEGO® City 60494 Kipplaster und Schaufellader,91.0,83.72,83.72,42,https://www.ebay.de/sch/i.html?_ssn=knoppers55&_nkw=60494
75397,LEGO® Star Wars 75397 Jabbas Segelbarke EXKLUSIV!,449.99,413.99,413.99,41,https://www.ebay.de/sch/i.html?_ssn=knoppers55&_nkw=75397
75429,LEGO® Star Wars 75429 AT-AT Pilot Helm EXKLUSIV!,89.0,81.88,81.88,41,https://www.ebay.de/sch/i.html?_ssn=knoppers55&_nkw=75429
10314,Icons 10314 Trockenblumengesteck,59.99,,59.99,41,https://www.ebay.de/sch/i.html?_ssn=knoppers55&_nkw=10314
10363,Icons 10363 Leonardo da Vincis Fluggerät,55.0,,55.0,39,https://www.ebay.de/sch/i.html?_ssn=knoppers55&_nkw=10363
76919,Speed Champions 76919 McLaren Formel-1 2023,26.99,,26.99,37,https://www.ebay.de/sch/i.html?_ssn=knoppers55&_nkw=76919
40926,LEGO® Gaming 40926 SEGA Mega Drive Spielkonsole EXKLUSIV!,44.99,41.84,41.84,36,https://www.ebay.de/sch/i.html?_ssn=knoppers55&_nkw=40926
42129,LEGO® Technic 42129 4x4 Mercedes-Benz Zetros Offroad-Truck,249.99,232.49,232.49,35,https://www.ebay.de/sch/i.html?_ssn=knoppers55&_nkw=42129
21365,LEGO® Ideas 21365 Turteltauben EXKLUSIV,55.0,49.5,49.5,34,https://www.ebay.de/sch/i.html?_ssn=knoppers55&_nkw=21365
71434,Super Mario 71434 Limonadendschungel-Design-Set,54.99,,54.99,34,https://www.ebay.de/sch/i.html?_ssn=knoppers55&_nkw=71434
11374,LEGO® Icons 11374 Flipperautomat NEU OVP EXKLUSIV!,215.0,202.1,202.1,32,https://www.ebay.de/sch/i.html?_ssn=knoppers55&_nkw=11374
80113,LEGO® 80113 Familientreffen NEU OVP EXKLUSIV,136.99,127.4,127.4,32,https://www.ebay.de/sch/i.html?_ssn=knoppers55&_nkw=80113
11389,LEGO® Icons 11389 Der Astronaut EXKLUSIV!,109.99,105.59,105.59,31,https://www.ebay.de/sch/i.html?_ssn=knoppers55&_nkw=11389
21366,Ideas 21366 Schwimmende Otter,89.0,,89.0,31,https://www.ebay.de/sch/i.html?_ssn=knoppers55&_nkw=21366
77255,Speed Champions 77255 Lightning McQueen,27.99,,27.99,31,https://www.ebay.de/sch/i.html?_ssn=knoppers55&_nkw=77255
75573,LEGO® Avatar 75573 Schwebende Berge: Site 26 und RDA Samson NEU OVP!,79.99,,79.99,30,https://www.ebay.de/sch/i.html?_ssn=knoppers55&_nkw=75573
40634,LEGO® 40634 Ikonen NEU OVP EXKLUSIV!,149.99,,149.99,27,https://www.ebay.de/sch/i.html?_ssn=knoppers55&_nkw=40634
75428,LEGO® Star Wars 75428 Kampfdroide mit STAP EXKLUSIV!,129.99,123.49,123.49,26,https://www.ebay.de/sch/i.html?_ssn=knoppers55&_nkw=75428
42136,LEGO® Technic 42136 John Deere 9620R 4WD Tractor NEU OVP,44.0,42.24,42.24,25,https://www.ebay.de/sch/i.html?_ssn=knoppers55&_nkw=42136
76965,LEGO® Jurassic World 76965 Dino-Missionen: Stegosaurus,59.99,,59.99,24,https://www.ebay.de/sch/i.html?_ssn=knoppers55&_nkw=76965
75379,Star Wars 75379 R2-D2,88.88,,88.88,22,https://www.ebay.de/sch/i.html?_ssn=knoppers55&_nkw=75379
75417,LEGO® Star Wars 75417 AT-ST Kampfläufer NEU OVP,160.0,148.8,148.8,21,https://www.ebay.de/sch/i.html?_ssn=knoppers55&_nkw=75417
75192,LEGO® Star Wars 75192 Millennium Falcon UCS NEU OVP!,799.0,,799.0,20,https://www.ebay.de/sch/i.html?_ssn=knoppers55&_nkw=75192
40810,LEGO® Promotional 40810 LEGOLAND Park Portal EXKLUSIV!,34.99,33.24,33.24,19,https://www.ebay.de/sch/i.html?_ssn=knoppers55&_nkw=40810
77253,Speed Champions 77253 Bugatti Vision GT,27.99,,27.99,17,https://www.ebay.de/sch/i.html?_ssn=knoppers55&_nkw=77253
11505,LEGO® Botanicals 11505 Waldpilze NEU OVP!,69.0,66.24,66.24,15,https://www.ebay.de/sch/i.html?_ssn=knoppers55&_nkw=11505
43010,LEGO® 43010 Nike Slam Dunk EXKLUSIV,63.99,62.07,62.07,15,https://www.ebay.de/sch/i.html?_ssn=knoppers55&_nkw=43010
31393,LEGO® Creator 31393 Waldtiere: Wolf EXKLUSIV!,55.0,52.8,52.8,11,https://www.ebay.de/sch/i.html?_ssn=knoppers55&_nkw=31393
42141,LEGO® Technic 42141 McLaren Formel 1 Rennwagen,169.0,,169.0,11,https://www.ebay.de/sch/i.html?_ssn=knoppers55&_nkw=42141
75636,One Piece 75636 Hütte im Windmühlendorf,29.99,,29.99,11,https://www.ebay.de/sch/i.html?_ssn=knoppers55&_nkw=75636
75640,One Piece 75640 Baratié Schwimmendes Restaurant,269.99,259.19,259.19,9,https://www.ebay.de/sch/i.html?_ssn=knoppers55&_nkw=75640
42215,Technic 42215 Volvo EC500 Hybrid Bagger,333.0,319.68,319.68,9,https://www.ebay.de/sch/i.html?_ssn=knoppers55&_nkw=42215
80051,Monkie Kid 80051 Mini-Mech,44.99,,44.99,8,https://www.ebay.de/sch/i.html?_ssn=knoppers55&_nkw=80051
75338,Star Wars 75338 Überfall auf Ferrix,89.99,,89.99,6,https://www.ebay.de/sch/i.html?_ssn=knoppers55&_nkw=75338
11512,LEGO® Botanicals 11512 Hängende Efeutute EXKLUSIV!,59.99,56.39,56.39,,https://www.ebay.de/sch/i.html?_ssn=knoppers55&_nkw=11512
21369,LEGO® Ideas 21369 The X-Files EXKLUSIV!,199.99,191.99,191.99,,https://www.ebay.de/sch/i.html?_ssn=knoppers55&_nkw=21369
75647,LEGO® One Piece 75647 Gum-Gum-Frucht NEU OVP EXKLUSIV!,64.99,62.39,62.39,,https://www.ebay.de/sch/i.html?_ssn=knoppers55&_nkw=75647
75458,LEGO® Star Wars 75458 Helm AT-RT-Pilot des Restimperiums,64.99,,64.99,,https://www.ebay.de/sch/i.html?_ssn=knoppers55&_nkw=75458
77984,LEGO® Jurassic World 77984 Jurassic Park Jeep Wrangler,195.0,192.0,192.0,,https://www.ebay.de/sch/i.html?_ssn=knoppers55&_nkw=77984
21591,LEGO® Minecraft 21591 Duell mit dem Krummen Wärter,49.99,47.99,47.99,,https://www.ebay.de/sch/i.html?_ssn=knoppers55&_nkw=21591
75442,LEGO® Star Wars 75442 UCS The Mandalorian N-1 Starfighter,239.0,224.66,224.66,,https://www.ebay.de/sch/i.html?_ssn=knoppers55&_nkw=75442
75459,LEGO® Star Wars 75459 Imperiales Shuttle der Lambda-Klasse,149.99,139.49,139.49,,https://www.ebay.de/sch/i.html?_ssn=knoppers55&_nkw=75459
10366,LEGO® Icons 10366 Tropisches Aquarium EXKLUSIV!,439.0,403.88,403.88,,https://www.ebay.de/sch/i.html?_ssn=knoppers55&_nkw=10366
75461,LEGO® Star Wars 75461 Große Darth-Vader-Minifigur EXKLUSIV!,95.0,87.4,87.4,,https://www.ebay.de/sch/i.html?_ssn=knoppers55&_nkw=75461
11378,LEGO® Icons 11378 Douglas DC-3 PAN AM Passagierflugzeug,219.99,216.99,216.99,,https://www.ebay.de/sch/i.html?_ssn=knoppers55&_nkw=11378
21359,LEGO® Ideas 21359 Die Italienische Riviera,269.99,253.79,253.79,,https://www.ebay.de/sch/i.html?_ssn=knoppers55&_nkw=21359
11513,LEGO® Botanicals 11513 Dunkles Blumengesteck EXKLUSIV!,59.99,56.99,56.99,,https://www.ebay.de/sch/i.html?_ssn=knoppers55&_nkw=11513
43306,LEGO® Disney 43306 Lotso EXKLUSIV!,44.99,41.84,41.84,,https://www.ebay.de/sch/i.html?_ssn=knoppers55&_nkw=43306
31394,LEGO® Creator 31394 Niedliche Tiere: Roter Panda EXKLUSIV!,33.33,32.33,32.33,,https://www.ebay.de/sch/i.html?_ssn=knoppers55&_nkw=31394
77120,LEGO® Sonic 77120 Shadows Mech vs. G.U.N. Trooper EXKLUSIV!,49.99,48.49,48.49,,https://www.ebay.de/sch/i.html?_ssn=knoppers55&_nkw=77120
77985,LEGO Jurassic World 77985 Triceratops Dinosaurier Skelett,79.99,74.39,74.39,,https://www.ebay.de/sch/i.html?_ssn=knoppers55&_nkw=77985
71052,LEGO® Minifiguren 71052 Serie 29 - 36er Box NEU OVP!,109.0,103.55,103.55,,https://www.ebay.de/sch/i.html?_ssn=knoppers55&_nkw=71052
40690,LEGO® 40690 Hommage an die Bücher von Jules Verne EXKLUSIV!,45.0,42.3,42.3,,https://www.ebay.de/sch/i.html?_ssn=knoppers55&_nkw=40690
42242,LEGO® Technic 42242 Mercedes-Benz Unimog U 5023 mit Kran,119.99,113.99,113.99,,https://www.ebay.de/sch/i.html?_ssn=knoppers55&_nkw=42242
75460,LEGO® Star Wars 75460 Neuer Republikanischer X-Wing Starfighter,69.9,64.31,64.31,,https://www.ebay.de/sch/i.html?_ssn=knoppers55&_nkw=75460
80112,LEGO® 80112 Glückverheißender Drache EXKLUSIV EOL,139.0,129.27,129.27,,https://www.ebay.de/sch/i.html?_ssn=knoppers55&_nkw=80112
40920,LEGO® 40920 Bugs Bunny EXKLUSIV!,44.99,41.84,41.84,,https://www.ebay.de/sch/i.html?_ssn=knoppers55&_nkw=40920
71837,LEGO® Ninjago 71837 NINJAGO City Werkstätten EXKLUSIV!,239.0,224.66,224.66,,https://www.ebay.de/sch/i.html?_ssn=knoppers55&_nkw=71837
31378,LEGO® Creator 31378 Weltraumteleskop EXKLUSIV!,37.0,35.89,35.89,,https://www.ebay.de/sch/i.html?_ssn=knoppers55&_nkw=31378
10354,LEGO® Icons 10354 Herr der Ringe: Das Auenland EXKLUSIV!,259.99,241.79,241.79,,https://www.ebay.de/sch/i.html?_ssn=knoppers55&_nkw=10354
76478,LEGO Harry Potter 76478 Bücherstütze: Dumbledores Büro,119.99,112.79,112.79,,https://www.ebay.de/sch/i.html?_ssn=knoppers55&_nkw=76478
40595,LEGO® Ideas 40595 Hommage an Galileo Galilei EXKLUSIV!,50.0,46.5,46.5,,https://www.ebay.de/sch/i.html?_ssn=knoppers55&_nkw=40595
43025,LEGO® Editions 43025 Nike Air Max 95 EXKLUSIV!,104.99,96.59,96.59,,https://www.ebay.de/sch/i.html?_ssn=knoppers55&_nkw=43025
10357,LEGO® Icons 10357 Shelby Cobra 427 S/C NEU OVP EXKLUSIV!,139.0,127.88,127.88,,https://www.ebay.de/sch/i.html?_ssn=knoppers55&_nkw=10357
42241,LEGO® Technic 42241 Grüner Bugatti Chiron Pur Sport EXKLUSIV!,69.99,64.39,64.39,,https://www.ebay.de/sch/i.html?_ssn=knoppers55&_nkw=42241
80121,LEGO® 80121 Altes Gasthaus EXKLUSIV!,115.0,108.1,108.1,,https://www.ebay.de/sch/i.html?_ssn=knoppers55&_nkw=80121
77981,LEGO Jurassic World 77981 Rettungszentrum Junge Velociraptoren,45.0,43.2,43.2,,https://www.ebay.de/sch/i.html?_ssn=knoppers55&_nkw=77981
80120,LEGO® 80120 Karpfen Springt übers Drachentor EXKLUSIV!,55.0,51.7,51.7,,https://www.ebay.de/sch/i.html?_ssn=knoppers55&_nkw=80120
40687,LEGO® 40687 Alien-Diner EXKLUSIV NEU OVP,18.5,17.76,17.76,,https://www.ebay.de/sch/i.html?_ssn=knoppers55&_nkw=40687
43302,"LEGO® Disney 43302 Main Street, U.S.A. NEU EXKLUSIV!",349.99,,349.99,,https://www.ebay.de/sch/i.html?_ssn=knoppers55&_nkw=43302
80011,LEGO 80011 Monkie Kid Red Son's Inferno Truck,130.0,122.2,122.2,,https://www.ebay.de/sch/i.html?_ssn=knoppers55&_nkw=80011
60501,LEGO® City 60501 Lava Land-Achterbahnpark EXKLUSIV!,104.99,96.59,96.59,,https://www.ebay.de/sch/i.html?_ssn=knoppers55&_nkw=60501
40695,LEGO® Harry Potter 40695 Borgin and Burkes: Floo Network,45.0,41.4,41.4,,https://www.ebay.de/sch/i.html?_ssn=knoppers55&_nkw=40695
40586,LEGO® Icons 40586 Umzugswagen EXKLUSIV!,26.0,24.96,24.96,,https://www.ebay.de/sch/i.html?_ssn=knoppers55&_nkw=40586
40864,LEGO® 40864 Glücksbringer EXKLUSIV!,34.99,33.59,33.59,,https://www.ebay.de/sch/i.html?_ssn=knoppers55&_nkw=40864
40701,LEGO® 40701 Ballerina-Szene EXKLUSIV!,22.99,,22.99,,https://www.ebay.de/sch/i.html?_ssn=knoppers55&_nkw=40701
40746,LEGO® 40746 Santa's Delivery Truck EXKLUSIV!,22.0,21.12,21.12,,https://www.ebay.de/sch/i.html?_ssn=knoppers55&_nkw=40746
60508,LEGO® City 60508 Überfall auf den Polizeizug NEU OVP,150.0,,150.0,,https://www.ebay.de/sch/i.html?_ssn=knoppers55&_nkw=60508
40913,LEGO® Icons 40913 Oldtimer-Parade EXKLUSIV!,24.99,23.99,23.99,,https://www.ebay.de/sch/i.html?_ssn=knoppers55&_nkw=40913
42674,LEGO® Friends 42674 Comic- und Spieleladen,85.0,81.6,81.6,,https://www.ebay.de/sch/i.html?_ssn=knoppers55&_nkw=42674
31216,LEGO® Art 31216 Keith Haring Tanzende Figuren NEU,99.0,93.06,93.06,,https://www.ebay.de/sch/i.html?_ssn=knoppers55&_nkw=31216
40673,LEGO® BrickHeadz 40673 Micky Maus im Frühlingsfestkostüm,10.5,10.08,10.08,,https://www.ebay.de/sch/i.html?_ssn=knoppers55&_nkw=40673
40688,LEGO® 40688 Siegerpokal EXKLUSIV!,17.0,16.49,16.49,,https://www.ebay.de/sch/i.html?_ssn=knoppers55&_nkw=40688
11503,LEGO® Botanicals 11503 Blumen an der Wand,88.0,85.36,85.36,,https://www.ebay.de/sch/i.html?_ssn=knoppers55&_nkw=11503
40671,LEGO® BrickHeadz 40671 Groot im Topf NEU OVP EXKLUSIV!,17.0,16.49,16.49,,https://www.ebay.de/sch/i.html?_ssn=knoppers55&_nkw=40671
21368,LEGO® Ideas 21368 Peanuts: Snoopys Hundehütte NEU OVP,69.99,,69.99,,https://www.ebay.de/sch/i.html?_ssn=knoppers55&_nkw=21368
10356,LEGO® Icons 10356 Star Trek: U.S.S. Enterprise NCC-1701-D,369.99,347.79,347.79,,https://www.ebay.de/sch/i.html?_ssn=knoppers55&_nkw=10356
40925,LEGO® BrickHeadz 40925 Alice im Wunderland EXKLUSIV!,44.99,,44.99,,https://www.ebay.de/sch/i.html?_ssn=knoppers55&_nkw=40925
40685,LEGO® 40685 Erlebnisfreibad EXKLUSIV,19.99,19.19,19.19,,https://www.ebay.de/sch/i.html?_ssn=knoppers55&_nkw=40685
40922,LEGO® BrickHeadz 40922 Lilo & Stitch: Angel NEU OVP,17.0,16.32,16.32,,https://www.ebay.de/sch/i.html?_ssn=knoppers55&_nkw=40922
40373,LEGO® 40373 Jahrmarkt-Minifiguren-Zubehörset NEU OVP!,12.0,11.52,11.52,,https://www.ebay.de/sch/i.html?_ssn=knoppers55&_nkw=40373
75419,LEGO® Star Wars 75419 Todesstern EXKLUSIV!,950.0,,950.0,,https://www.ebay.de/sch/i.html?_ssn=knoppers55&_nkw=75419
60488,LEGO® City 60488 Pommes-Truck,19.99,19.19,19.19,,https://www.ebay.de/sch/i.html?_ssn=knoppers55&_nkw=60488
40689,LEGO® 40689 Feuerwerk EXKLUSIV!,15.0,,15.0,,https://www.ebay.de/sch/i.html?_ssn=knoppers55&_nkw=40689
42196,LEGO® Technic 42196 Lamborghini Huracán Tecnica Orange,55.0,49.5,49.5,,https://www.ebay.de/sch/i.html?_ssn=knoppers55&_nkw=42196
40957,LEGO® 40957 Frühlingskranz NEU OVP EXKLUSIV!,45.0,43.2,43.2,,https://www.ebay.de/sch/i.html?_ssn=knoppers55&_nkw=40957
40507,LEGO® 40507 I love Billund EXKLUSIV! NEU OVP!,159.99,,159.99,,https://www.ebay.de/sch/i.html?_ssn=knoppers55&_nkw=40507
40680,LEGO® 40680 Blumenladen EXKLUSIV!,22.0,20.24,20.24,,https://www.ebay.de/sch/i.html?_ssn=knoppers55&_nkw=40680
43020,LEGO® 43020 Offizieller Pokal FIFA Fußball-WM NEU OVP!,150.0,142.5,142.5,,https://www.ebay.de/sch/i.html?_ssn=knoppers55&_nkw=43020
40802,LEGO® BrickHeadz 40802 Luna Lovegood & Thestral Figuren,24.99,24.24,24.24,,https://www.ebay.de/sch/i.html?_ssn=knoppers55&_nkw=40802
40952,LEGO® Promotional 40952 LEGOLAND Castle EXKLUSIV!,69.99,63.69,63.69,,https://www.ebay.de/sch/i.html?_ssn=knoppers55&_nkw=40952
40915,LEGO® 40915 Lion Dance EXKLUSIV!,28.0,26.88,26.88,,https://www.ebay.de/sch/i.html?_ssn=knoppers55&_nkw=40915
40792,LEGO® BrickHeadz 40792 Dumbo NEU OVP,14.99,14.54,14.54,,https://www.ebay.de/sch/i.html?_ssn=knoppers55&_nkw=40792
60511,LEGO® City 60511 Klassischer Dampfzug NEU OVP!,79.0,,79.0,,https://www.ebay.de/sch/i.html?_ssn=knoppers55&_nkw=60511
40860,LEGO® BrickHeadz 40860 Toy Story EXKLUSIV,44.99,,44.99,,https://www.ebay.de/sch/i.html?_ssn=knoppers55&_nkw=40860
40804,LEGO® BrickHeadz 40804 Bumblebee Mech & Fahrzeug,24.99,24.24,24.24,,https://www.ebay.de/sch/i.html?_ssn=knoppers55&_nkw=40804
40760,LEGO® Fortnite 40760 Abenteuer-Schali und Kuschelbeauftragte,29.99,28.79,28.79,,https://www.ebay.de/sch/i.html?_ssn=knoppers55&_nkw=40760
40646,LEGO® Icons 40646 Narzissen EOL!,17.5,16.98,16.98,,https://www.ebay.de/sch/i.html?_ssn=knoppers55&_nkw=40646
40670,LEGO® BrickHeadz 40670 Iron Spider-Man NEU OVP,17.0,16.49,16.49,,https://www.ebay.de/sch/i.html?_ssn=knoppers55&_nkw=40670
40683,LEGO® 40683 Blumenrankgitter NEU OVP EXKLUSIV!,19.99,19.19,19.19,,https://www.ebay.de/sch/i.html?_ssn=knoppers55&_nkw=40683
40878,LEGO® BrickHeadz 40878 Teenage Mutant Ninja Turtles Figuren,44.0,,44.0,,https://www.ebay.de/sch/i.html?_ssn=knoppers55&_nkw=40878
10466,LEGO® Duplo 10466 Zugfahrt mit Opa EXKLUSIV!,44.99,43.19,43.19,,https://www.ebay.de/sch/i.html?_ssn=knoppers55&_nkw=10466
40521,LEGO® Promotional 40521 The Haunted Mansion Disney Parks,27.89,,27.89,,https://www.ebay.de/sch/i.html?_ssn=knoppers55&_nkw=40521
60495,LEGO® City 60495 Recycling-LKW NEU OVP EXKLUSIV!,42.99,41.27,41.27,,https://www.ebay.de/sch/i.html?_ssn=knoppers55&_nkw=60495
77093,LEGO® Gaming 77093 Ocarina of Time Das Letzte Gefecht,124.99,116.24,116.24,,https://www.ebay.de/sch/i.html?_ssn=knoppers55&_nkw=77093
75421,LEGO® Star Wars 75421 SMART Play: Darth Vaders TIE Fighter,69.99,64.39,64.39,,https://www.ebay.de/sch/i.html?_ssn=knoppers55&_nkw=75421
40822,LEGO® 40822 Pickup mit Halloweenkürbis EXKLUSIV!,22.0,,22.0,,https://www.ebay.de/sch/i.html?_ssn=knoppers55&_nkw=40822
76238,LEGO® Super Heroes 76238 Batman Maske TV-Klassiker NEU OVP,64.99,,64.99,,https://www.ebay.de/sch/i.html?_ssn=knoppers55&_nkw=76238
40516,LEGO® 40516 Jeder ist besonders EXKLUSIV! EOL!,44.99,41.84,41.84,,https://www.ebay.de/sch/i.html?_ssn=knoppers55&_nkw=40516
60470,LEGO® City 60470 Arktis-Polarexpress NEU OVP,164.99,,164.99,,https://www.ebay.de/sch/i.html?_ssn=knoppers55&_nkw=60470
80119,LEGO® 80119 Leinwand mit Galoppierenden Pferden EXKLUSIV!,104.99,99.74,99.74,,https://www.ebay.de/sch/i.html?_ssn=knoppers55&_nkw=80119
21360,LEGO® Ideas 21360 Willy Wonka und die Schokoladenfabrik EXKLUSIV!,209.0,194.37,194.37,,https://www.ebay.de/sch/i.html?_ssn=knoppers55&_nkw=21360
43279,LEGO® Disney 43279 WALL-E und EVE NEU,59.0,56.05,56.05,,https://www.ebay.de/sch/i.html?_ssn=knoppers55&_nkw=43279
76458,LEGO® Harry Potter 76458 Thestralfamilie EXKLUSIV,69.99,64.39,64.39,,https://www.ebay.de/sch/i.html?_ssn=knoppers55&_nkw=76458
11376,LEGO® Icons 11376 Ford Model T NEU OVP EXKLUSIV!,115.0,109.25,109.25,,https://www.ebay.de/sch/i.html?_ssn=knoppers55&_nkw=11376
43269,LEGO® Disney 43269 Welpe aus 101 Dalmatiner NEU OVP,119.99,113.99,113.99,,https://www.ebay.de/sch/i.html?_ssn=knoppers55&_nkw=43269
75381,LEGO® Star Wars 75381 Droideka NEU OVP,59.99,55.79,55.79,,https://www.ebay.de/sch/i.html?_ssn=knoppers55&_nkw=75381
43305,LEGO® Disney 43305 Ferkels Geburtstagsspaß EXKLUSIV!,44.99,43.19,43.19,,https://www.ebay.de/sch/i.html?_ssn=knoppers55&_nkw=43305
10362,LEGO® Icons 10362 Französisches Café NEU OVP!,63.0,60.48,60.48,,https://www.ebay.de/sch/i.html?_ssn=knoppers55&_nkw=10362
40891,LEGO® Promotional 40891 Stranger Things: WSQK Radio Station,99.99,91.99,91.99,,https://www.ebay.de/sch/i.html?_ssn=knoppers55&_nkw=40891
75427,LEGO® Star Wars 75427 SMART Play: A-Wing und Duell im Thronsaal,159.99,153.59,153.59,,https://www.ebay.de/sch/i.html?_ssn=knoppers55&_nkw=75427
40518,LEGO® Creator 40518 Hochgeschwindigkeitszug EXKLUSIV NEU OVP,34.99,32.89,32.89,,https://www.ebay.de/sch/i.html?_ssn=knoppers55&_nkw=40518
10367,LEGO® Icons 10367 Herr der Ringe: Gandalf vs. Balrog,105.0,100.8,100.8,,https://www.ebay.de/sch/i.html?_ssn=knoppers55&_nkw=10367
40879,LEGO® BrickHeadz 40879 Elfi Max Demogorgon Holly Figuren,44.99,,44.99,,https://www.ebay.de/sch/i.html?_ssn=knoppers55&_nkw=40879
31171,LEGO® Creator 31171 Wilde Tiere: Prächtiges Nashorn mit Vögeln,64.99,,64.99,,https://www.ebay.de/sch/i.html?_ssn=knoppers55&_nkw=31171
76321,LEGO® Super Heroes 76321 Spider-Man vs. Doc Ock: Showdown U-Bahn,49.99,,49.99,,https://www.ebay.de/sch/i.html?_ssn=knoppers55&_nkw=76321
40797,LEGO® BrickHeadz 40797 I-Aah,16.99,15.97,15.97,,https://www.ebay.de/sch/i.html?_ssn=knoppers55&_nkw=40797
43232,LEGO® Disney 43232 Peter Pans & Wendys Flug über London NEU OVP,64.99,62.39,62.39,,https://www.ebay.de/sch/i.html?_ssn=knoppers55&_nkw=43232
40658,LEGO® Star Wars 40658 Millennium Falcon Weihnachtsdiorama,34.99,33.59,33.59,,https://www.ebay.de/sch/i.html?_ssn=knoppers55&_nkw=40658
40861,"LEGO® BrickHeadz 40861 Sulley, Mike und Boo Figuren EXKLUSIV!",29.99,,29.99,,https://www.ebay.de/sch/i.html?_ssn=knoppers55&_nkw=40861
40803,LEGO® BrickHeadz 40803 Optimus Prime Mech & Fahrzeug,24.99,23.24,23.24,,https://www.ebay.de/sch/i.html?_ssn=knoppers55&_nkw=40803
43019,LEGO® 43019 Fußball NEU OVP!,99.0,,99.0,,https://www.ebay.de/sch/i.html?_ssn=knoppers55&_nkw=43019
43307,LEGO® Disney 43307 Alien mit Pizza Planet Raketenfahrt EXKLUSIV!,64.99,59.79,59.79,,https://www.ebay.de/sch/i.html?_ssn=knoppers55&_nkw=43307
40923,"BrickHeadz 40923 Shrek, Donkey und Gingy",44.99,43.19,43.19,,https://www.ebay.de/sch/i.html?_ssn=knoppers55&_nkw=40923
76450,Harry Potter 76450 Buchstütze: Hogwarts Express,79.99,76.79,76.79,,https://www.ebay.de/sch/i.html?_ssn=knoppers55&_nkw=76450
40856,BrickHeadz 40856 The Mandalorian and Grogu,44.99,,44.99,,https://www.ebay.de/sch/i.html?_ssn=knoppers55&_nkw=40856
75425,Star Wars 75425 SMART Play: Mos Eisley Cantina,79.99,73.59,73.59,,https://www.ebay.de/sch/i.html?_ssn=knoppers55&_nkw=75425
40775,Promotional 40775 Mini-Ritterburg,26.0,24.96,24.96,,https://www.ebay.de/sch/i.html?_ssn=knoppers55&_nkw=40775
40924,BrickHeadz 40924 Megatron,29.99,28.79,28.79,,https://www.ebay.de/sch/i.html?_ssn=knoppers55&_nkw=40924
40776,Promotional 40776 Weihnachtsmarktstand,24.99,,24.99,,https://www.ebay.de/sch/i.html?_ssn=knoppers55&_nkw=40776
80056,Monkie Kid 80056 Neunköpfige Bestie,84.99,,84.99,,https://www.ebay.de/sch/i.html?_ssn=knoppers55&_nkw=80056
75389,Star Wars 75389 Dunkler Millennium Falke,159.0,152.64,152.64,,https://www.ebay.de/sch/i.html?_ssn=knoppers55&_nkw=75389
40677,BrickHeadz 40677 Harry Potter Gefangene von Askaban,49.99,47.49,47.49,,https://www.ebay.de/sch/i.html?_ssn=knoppers55&_nkw=40677
71866,Ninjago 71866 15-Jubiläum Ninja-Charaktere,39.99,37.19,37.19,,https://www.ebay.de/sch/i.html?_ssn=knoppers55&_nkw=71866
76317,Super Heroes 76317 Peter Parkers Wohnung,59.0,56.64,56.64,,https://www.ebay.de/sch/i.html?_ssn=knoppers55&_nkw=76317
40748,BrickHeadz 40748 Batman 8-in-1,29.99,28.49,28.49,,https://www.ebay.de/sch/i.html?_ssn=knoppers55&_nkw=40748
30434,Creator 30434 Aston Martin Valkyrie 30er BOX,115.0,110.4,110.4,,https://www.ebay.de/sch/i.html?_ssn=knoppers55&_nkw=30434
60500,City 60500 Der LEGO Lieferwagen,29.99,,29.99,,https://www.ebay.de/sch/i.html?_ssn=knoppers55&_nkw=60500
21063,Architecture 21063 Schloss Neuschwanstein,233.99,224.63,224.63,,https://www.ebay.de/sch/i.html?_ssn=knoppers55&_nkw=21063
75376,Star Wars 75376 Tantive IV,75.0,,75.0,,https://www.ebay.de/sch/i.html?_ssn=knoppers55&_nkw=75376
42156,Technic 42156 PEUGEOT 9X8 Le Mans Hypercar,189.99,,189.99,,https://www.ebay.de/sch/i.html?_ssn=knoppers55&_nkw=42156
75426,Star Wars 75426 SMART Play: Millennium Falke,99.99,91.99,91.99,,https://www.ebay.de/sch/i.html?_ssn=knoppers55&_nkw=75426
76330,Super Heroes 76330 Batman Logo,71.0,66.74,66.74,,https://www.ebay.de/sch/i.html?_ssn=knoppers55&_nkw=76330
11372,Icons 11372 Herbstlicher Landhausgarten,109.99,,109.99,,https://www.ebay.de/sch/i.html?_ssn=knoppers55&_nkw=11372
76976,Jurassic World 76976 Spinosaurier & Quetzalcoatlus,139.99,,139.99,,https://www.ebay.de/sch/i.html?_ssn=knoppers55&_nkw=76976
10342,Icons 10342 Rosafarbener Blumenstrauß,59.99,57.59,57.59,,https://www.ebay.de/sch/i.html?_ssn=knoppers55&_nkw=10342
21064,Architecture 21064 Paris - Stadt der Liebe,69.99,,69.99,,https://www.ebay.de/sch/i.html?_ssn=knoppers55&_nkw=21064
30701,Icons 30701 Feldblumen 30er Box,99.99,,99.99,,https://www.ebay.de/sch/i.html?_ssn=knoppers55&_nkw=30701
76973,Jurassic World 76973 Raptor & Titanosaurus,89.99,86.39,86.39,,https://www.ebay.de/sch/i.html?_ssn=knoppers55&_nkw=76973
72037,Super Mario 72037 Mario Kart: Mario & Standard-Kart,155.0,148.8,148.8,,https://www.ebay.de/sch/i.html?_ssn=knoppers55&_nkw=72037
40954,Creator 40954 Postkarte aus Deutschland,24.99,,24.99,,https://www.ebay.de/sch/i.html?_ssn=knoppers55&_nkw=40954
43033,Editions 43033 Trikot US-Fußballnationalmannschaft 2026,29.99,27.59,27.59,,https://www.ebay.de/sch/i.html?_ssn=knoppers55&_nkw=43033
60423,City 60423 Straßenbahn mit Haltestelle,75.0,,75.0,,https://www.ebay.de/sch/i.html?_ssn=knoppers55&_nkw=60423
40765,Star Wars 40765 Ausbildungszentrum auf Kamino,45.0,,45.0,,https://www.ebay.de/sch/i.html?_ssn=knoppers55&_nkw=40765
21281,Minecraft 21281 Geburtstagsfeier des Babyschweins EOL,39.99,38.39,38.39,,https://www.ebay.de/sch/i.html?_ssn=knoppers55&_nkw=21281
40721,40721 Halloween-Scheune,19.99,,19.99,,https://www.ebay.de/sch/i.html?_ssn=knoppers55&_nkw=40721
40426,Seasonal 40426 Türkranz / Adventskranz 2in1,54.99,53.34,53.34,,https://www.ebay.de/sch/i.html?_ssn=knoppers55&_nkw=40426
40881,BrickHeadz 40881 Vorratslama und Fischstäbchen,29.99,27.59,27.59,,https://www.ebay.de/sch/i.html?_ssn=knoppers55&_nkw=40881
75444,Star Wars 75444 Angriff des AT-RT,49.99,,49.99,,https://www.ebay.de/sch/i.html?_ssn=knoppers55&_nkw=75444
40674,BrickHeadz 40674 Stitch,19.99,,19.99,,https://www.ebay.de/sch/i.html?_ssn=knoppers55&_nkw=40674
75423,Star Wars 75423 SMART Play: Lukes Rot Fünf X-Wing,89.99,83.69,83.69,,https://www.ebay.de/sch/i.html?_ssn=knoppers55&_nkw=75423
10353,Icons 10353 Williams Racing FW14B Nigel Mansell,79.99,,79.99,,https://www.ebay.de/sch/i.html?_ssn=knoppers55&_nkw=10353
75382,Star Wars 75382 TIE-Abfangjäger,239.99,,239.99,,https://www.ebay.de/sch/i.html?_ssn=knoppers55&_nkw=75382
11508,Icons 11508 Gänseblümchen,19.99,19.39,19.39,,https://www.ebay.de/sch/i.html?_ssn=knoppers55&_nkw=11508
11504,Icons 11504 Friedenslilie,59.99,,59.99,,https://www.ebay.de/sch/i.html?_ssn=knoppers55&_nkw=11504
5007905,5007905 Harry Potter Schlüsselleuchte,19.99,,19.99,,https://www.ebay.de/sch/i.html?_ssn=knoppers55&_nkw=5007905
21226,Art 21226 Gemeinsames Kunstprojekt,109.99,,109.99,,https://www.ebay.de/sch/i.html?_ssn=knoppers55&_nkw=21226
10280,Creator 10280 Blumenstrauß,50.0,,50.0,,https://www.ebay.de/sch/i.html?_ssn=knoppers55&_nkw=10280
60469,City 60469 Hauptbahnhof,75.0,,75.0,,https://www.ebay.de/sch/i.html?_ssn=knoppers55&_nkw=60469
60466,City 60466 Gelber Bulldozer,59.99,,59.99,,https://www.ebay.de/sch/i.html?_ssn=knoppers55&_nkw=60466
30727,Star Wars 30727 TIE Advanced Mini 30er Box,119.7,,119.7,,https://www.ebay.de/sch/i.html?_ssn=knoppers55&_nkw=30727
80036,Monkie Kid 80036 Stadt der Laternen,160.0,,160.0,,https://www.ebay.de/sch/i.html?_ssn=knoppers55&_nkw=80036
40487,Ideas 40487 Segelboot Abenteuer,39.99,,39.99,,https://www.ebay.de/sch/i.html?_ssn=knoppers55&_nkw=40487
76304,Super Heroes 76304 Batman Forever Batmobil,89.99,,89.99,,https://www.ebay.de/sch/i.html?_ssn=knoppers55&_nkw=76304
76975,Jurassic World 76975 Flucht vor dem T.Rex,49.99,,49.99,,https://www.ebay.de/sch/i.html?_ssn=knoppers55&_nkw=76975
31167,Creator 31167 Geisterhaus 3-in-1,80.0,,80.0,,https://www.ebay.de/sch/i.html?_ssn=knoppers55&_nkw=31167
80024,Monkie Kid 80024 Berg der Blumen und Früchte,289.99,,289.99,,https://www.ebay.de/sch/i.html?_ssn=knoppers55&_nkw=80024
40703,Ninjago Mikromodelle 40703 40704 40705 40706,129.99,,129.99,,https://www.ebay.de/sch/i.html?_ssn=knoppers55&_nkw=40703
10343,Icons 10343 Mini-Orchidee,29.99,,29.99,,https://www.ebay.de/sch/i.html?_ssn=knoppers55&_nkw=10343
40814,40814 Schwebender Baby-Elefant,31.99,,31.99,,https://www.ebay.de/sch/i.html?_ssn=knoppers55&_nkw=40814
75399,Star Wars 75399 Rebel U-Wing Starfighter,69.99,,69.99,,https://www.ebay.de/sch/i.html?_ssn=knoppers55&_nkw=75399
40678,40678 Feiertagskalender,29.99,,29.99,,https://www.ebay.de/sch/i.html?_ssn=knoppers55&_nkw=40678
11502,Icons 11502 Sonnenblumen,59.99,,59.99,,https://www.ebay.de/sch/i.html?_ssn=knoppers55&_nkw=11502
43277,Disney 43277 Cruella de Vils Auto,49.99,,49.99,,https://www.ebay.de/sch/i.html?_ssn=knoppers55&_nkw=43277
60503,City 60503 Hubschrauber der Küstenwache,59.99,,59.99,,https://www.ebay.de/sch/i.html?_ssn=knoppers55&_nkw=60503
60487,City 60487 Gelbes Taxi,19.99,,19.99,,https://www.ebay.de/sch/i.html?_ssn=knoppers55&_nkw=60487
40720,Disney 40720 Mini-Dornröschenschloss,44.99,,44.99,,https://www.ebay.de/sch/i.html?_ssn=knoppers55&_nkw=40720
30390,Jurassic World 30390 Dinosaur Market 30er BOX,105.0,,105.0,,https://www.ebay.de/sch/i.html?_ssn=knoppers55&_nkw=30390
40779,Promotional 40779 Jahr des Pferdes,14.99,,14.99,,https://www.ebay.de/sch/i.html?_ssn=knoppers55&_nkw=40779
75420,Star Wars 75420 SMART Play: Lukes Landspeeder,39.99,,39.99,,https://www.ebay.de/sch/i.html?_ssn=knoppers55&_nkw=75420
42171,Technic 42171 Mercedes-AMG F1 W14 E Performance,191.0,,191.0,,https://www.ebay.de/sch/i.html?_ssn=knoppers55&_nkw=42171
76456,Harry Potter 76456 Adventskalender 2025,34.99,,34.99,,https://www.ebay.de/sch/i.html?_ssn=knoppers55&_nkw=76456
76470,Harry Potter 76470 Fliegender Ford Anglia,79.99,,79.99,,https://www.ebay.de/sch/i.html?_ssn=knoppers55&_nkw=76470
42167,Technic 42167 Mack LR Electric Müllwagen,34.99,,34.99,,https://www.ebay.de/sch/i.html?_ssn=knoppers55&_nkw=42167
75436,Star Wars 75436 Mandalorianer und Grogu Speeder Bike,14.99,,14.99,,https://www.ebay.de/sch/i.html?_ssn=knoppers55&_nkw=75436
76970,Jurassic World 76970 Babydinosaurier Dolores: Aquilops,24.99,,24.99,,https://www.ebay.de/sch/i.html?_ssn=knoppers55&_nkw=76970
60474,City 60474 F1 Startaufstellung VCARB & Sauber,39.99,,39.99,,https://www.ebay.de/sch/i.html?_ssn=knoppers55&_nkw=60474
11509,Icons 11509 Blühender Kaktus,29.99,,29.99,,https://www.ebay.de/sch/i.html?_ssn=knoppers55&_nkw=11509
42146,Technic 42146 Liebherr LR 13000 Raupenkran,679.99,652.79,652.79,,https://www.ebay.de/sch/i.html?_ssn=knoppers55&_nkw=42146
40669,Super Heroes 40669 Iron Man MK5,14.99,,14.99,,https://www.ebay.de/sch/i.html?_ssn=knoppers55&_nkw=40669
76433,Harry Potter 76433 Zaubertrankpflanze: Alraune,64.99,,64.99,,https://www.ebay.de/sch/i.html?_ssn=knoppers55&_nkw=76433
5007906,5007906 Hermine Granger Schlüsselleuchte,19.99,,19.99,,https://www.ebay.de/sch/i.html?_ssn=knoppers55&_nkw=5007906
40763,Creator 40763 Weltkindertag-Teddy,25.0,,25.0,,https://www.ebay.de/sch/i.html?_ssn=knoppers55&_nkw=40763
42224,Technic 42224 Porsche 911 GT3 R REXY AO Racing,139.99,,139.99,,https://www.ebay.de/sch/i.html?_ssn=knoppers55&_nkw=42224
40359,40359 Bilderrahmen,18.99,,18.99,,https://www.ebay.de/sch/i.html?_ssn=knoppers55&_nkw=40359
60422,City 60422 Hafen mit Frachtschiff,109.99,,109.99,,https://www.ebay.de/sch/i.html?_ssn=knoppers55&_nkw=60422
40675,BrickHeadz 40675 Klon Commander Cody,14.99,,14.99,,https://www.ebay.de/sch/i.html?_ssn=knoppers55&_nkw=40675
71858,Ninjago 71858 15-Jubiläum Vier-Waffen-Schmiede,99.99,,99.99,,https://www.ebay.de/sch/i.html?_ssn=knoppers55&_nkw=71858
11501,Botanicals 11501 Tulpenstrauß,59.99,,59.99,,https://www.ebay.de/sch/i.html?_ssn=knoppers55&_nkw=11501
40548,BrickHeadz 40548 Hommage an die Spice Girls EOL,35.0,,35.0,,https://www.ebay.de/sch/i.html?_ssn=knoppers55&_nkw=40548
60478,City 60478 Betonmischer,39.99,,39.99,,https://www.ebay.de/sch/i.html?_ssn=knoppers55&_nkw=60478
40711,40711 Igel und ihr Picknick-Date,19.99,,19.99,,https://www.ebay.de/sch/i.html?_ssn=knoppers55&_nkw=40711
76969,Jurassic World 76969 Dino-Fossilien: Triceratops-Schädel,44.99,,44.99,,https://www.ebay.de/sch/i.html?_ssn=knoppers55&_nkw=76969
80103,80103 Drachenbootrennen,69.0,,69.0,,https://www.ebay.de/sch/i.html?_ssn=knoppers55&_nkw=80103
40796,BrickHeadz 40796 Helden und Bösewichte Rache der Sith,55.0,,55.0,,https://www.ebay.de/sch/i.html?_ssn=knoppers55&_nkw=40796
40885,Creator 40885 Entenfamilie,39.0,,39.0,,https://www.ebay.de/sch/i.html?_ssn=knoppers55&_nkw=40885
60367,City 60367 Passagierflugzeug,99.99,,99.99,,https://www.ebay.de/sch/i.html?_ssn=knoppers55&_nkw=60367
10291,Creator Expert 10291 Queer Eye Loft der Fab 5,89.99,86.39,86.39,,https://www.ebay.de/sch/i.html?_ssn=knoppers55&_nkw=10291
80013,Monkie Kid 80013 Geheime Teambasis,219.99,,219.99,,https://www.ebay.de/sch/i.html?_ssn=knoppers55&_nkw=80013
75440,Star Wars 75440 AT-AT,64.99,,64.99,,https://www.ebay.de/sch/i.html?_ssn=knoppers55&_nkw=75440
40798,BrickHeadz 40798 Roter Panda Mei,14.99,,14.99,,https://www.ebay.de/sch/i.html?_ssn=knoppers55&_nkw=40798
40676,BrickHeadz 40676 Die dunkle Bedrohung,50.0,,50.0,,https://www.ebay.de/sch/i.html?_ssn=knoppers55&_nkw=40676
60499,City 60499 Flughafenlöschfahrzeug,69.99,,69.99,,https://www.ebay.de/sch/i.html?_ssn=knoppers55&_nkw=60499
42165,Technic 42165 Mercedes-AMG F1 W14 Pull-Back,29.99,,29.99,,https://www.ebay.de/sch/i.html?_ssn=knoppers55&_nkw=42165
75443,Star Wars 75443 Grogus Zuhause,19.99,,19.99,,https://www.ebay.de/sch/i.html?_ssn=knoppers55&_nkw=75443
42096,Technic 42096 Porsche 911 RSR,199.99,191.99,191.99,,https://www.ebay.de/sch/i.html?_ssn=knoppers55&_nkw=42096
42121,Technic 42121 Hydraulikbagger EOL,139.99,,139.99,,https://www.ebay.de/sch/i.html?_ssn=knoppers55&_nkw=42121
40682,40682 Frühlingsgartenhaus,19.99,,19.99,,https://www.ebay.de/sch/i.html?_ssn=knoppers55&_nkw=40682
75422,Star Wars 75422 SMART Play: Jedi-Training Yodas Hütte,69.99,,69.99,,https://www.ebay.de/sch/i.html?_ssn=knoppers55&_nkw=75422
40547,BrickHeadz 40547 Obi-Wan Kenobi & Darth Vader EOL,29.99,,29.99,,https://www.ebay.de/sch/i.html?_ssn=knoppers55&_nkw=40547
71847,Ninjago 71847 Der Wächterdrache,149.99,,149.99,,https://www.ebay.de/sch/i.html?_ssn=knoppers55&_nkw=71847
21279,Minecraft 21279 Der Enderman-Turm,99.99,,99.99,,https://www.ebay.de/sch/i.html?_ssn=knoppers55&_nkw=21279
10347,Icons 10347 Kleiner Sommerstrauß,29.99,,29.99,,https://www.ebay.de/sch/i.html?_ssn=knoppers55&_nkw=10347
60479,City 60479 Gefangenentransporter,24.99,,24.99,,https://www.ebay.de/sch/i.html?_ssn=knoppers55&_nkw=60479
40622,BrickHeadz 40622 100-jähriges Disney Jubiläum,39.99,,39.99,,https://www.ebay.de/sch/i.html?_ssn=knoppers55&_nkw=40622
5007907,5007907 Ron Weasley Schlüsselleuchte,19.99,,19.99,,https://www.ebay.de/sch/i.html?_ssn=knoppers55&_nkw=5007907
75452,Star Wars 75452 Astromech-Droide BB-8,89.99,,89.99,,https://www.ebay.de/sch/i.html?_ssn=knoppers55&_nkw=75452
76972,Jurassic World 76972 Raptor: Verfolgungsjagd Geländewagen,34.99,,34.99,,https://www.ebay.de/sch/i.html?_ssn=knoppers55&_nkw=76972
42602,Friends 42602 Fahrzeug zur Weltraumforschung,59.99,,59.99,,https://www.ebay.de/sch/i.html?_ssn=knoppers55&_nkw=42602
60505,"City 60505 Flugzeug, Wartungsfahrzeug, Luftkissenboot",69.99,,69.99,,https://www.ebay.de/sch/i.html?_ssn=knoppers55&_nkw=60505
75448,Star Wars 75448 Klon-Schocktruppen Mech,19.99,,19.99,,https://www.ebay.de/sch/i.html?_ssn=knoppers55&_nkw=75448
31174,Creator 31174 Retro-Telefon,29.99,,29.99,,https://www.ebay.de/sch/i.html?_ssn=knoppers55&_nkw=31174
30683,Speed Champions 30683 McLaren Formel-1 30er Box,105.0,,105.0,,https://www.ebay.de/sch/i.html?_ssn=knoppers55&_nkw=30683
31168,Creator 31168 Ritterburg im Mittelalter,109.99,,109.99,,https://www.ebay.de/sch/i.html?_ssn=knoppers55&_nkw=31168
76459,Harry Potter 76459 Hagrids und Harrys Flucht Ligusterweg,24.99,,24.99,,https://www.ebay.de/sch/i.html?_ssn=knoppers55&_nkw=76459
75441,Star Wars 75441 Angriffskreuzer der Venator-Klasse,79.99,,79.99,,https://www.ebay.de/sch/i.html?_ssn=knoppers55&_nkw=75441
76461,Harry Potter 76461 Wichtel,34.99,,34.99,,https://www.ebay.de/sch/i.html?_ssn=knoppers55&_nkw=76461
75367,Star Wars 75367 Venator-Klasse Angriffskreuzer,649.99,623.99,623.99,,https://www.ebay.de/sch/i.html?_ssn=knoppers55&_nkw=75367
21273,Minecraft 21273 Angriff des Ghast-Ballons,69.99,,69.99,,https://www.ebay.de/sch/i.html?_ssn=knoppers55&_nkw=21273
