set_num,name,rrp_eur,lego_url,retailer_urls,ebay_price_eur,ebay_sold
21318,Ideas 21318 Baumhaus / Treehouse,,,,201.60,1852
71043,LEGO® Harry Potter 71043 Schloss Hogwarts NEU & OVP,,,,377.19,1774
76909,LEGO® Speed Champions 76909 Mercedes-AMG F1 W12 & Project One,,,,37.83,1689
10255,LEGO® Creator 10255 Stadtleben Assembly Square NEU OVP EOL!,,,,294.39,1645
21246,Minecraft 21246 Das Duell in der Finsternis,,,,95.99,1281
75383,LEGO® Star Wars 75383 Darth Mauls Sith Infiltrator EOL!,,,,65.79,1184
21343,LEGO® Ideas 21343 Wikingerdorf NEU OVP EXKLUSIV!,,,,125.96,1180
10318,LEGO® Icons 10318 Concorde NEU OVP EXKLUSIV!,,,,174.79,1161
75394,LEGO® Star Wars 75394 Imperialer Sternzerstörer EXKLUSIV!,,,,156.74,1086
21349,LEGO® Ideas 21349 Schwarz-weiße Katze EXKLUSIV,,,,95.00,848
77241,LEGO® Speed Champions 77241 2 Fast 2 Furious Honda S2000,,,,31.00,747
75980,Harry Potter 75980 Angriff auf den Fuchsbau EOL,,,,133.44,714
21330,LEGO® Ideas 21330 McCallister House aus Home Alone,,,,259.47,712
75356,LEGO® Star Wars 75356 Supersternzerstörer Executor,,,,67.00,703
40755,LEGO® Star Wars 40755 Imperial Dropship vs. Rebel Scout Speeder,,,,42.74,654
60467,LEGO® City 60467 Schwerlast-Abschleppwagen mit Kran,,,,99.99,639
10309,LEGO® Creator Expert 10309 Sukkulenten EXKLUSIV NEU OVP,,,,55.00,600
75351,LEGO® Star Wars 75351 Princess Leia (Boushh) Helm NEU OVP,,,,60.44,546
21333,LEGO® Ideas 21333 Vincent van Gogh Sternennacht,,,,154.99,533
10273,LEGO® 10273 Geisterhaus auf dem Jahrmarkt NEU OVP EXKLUSIV,,,,257.59,496
10350,LEGO® Icons 10350 Eckhaus im Tudorstil NEU OVP EXKLUSIV!,,,,201.59,474
10372,LEGO® Icons 10372 Hibiskus EXKLUSIV!,,,,66.93,473
10370,LEGO® Icons 10370 Weihnachtsstern NEU OVP!,,,,52.80,464
10355,LEGO® Icons 10355 Blacktron Renegade NEU OVP EXKLUSIV!,,,,84.59,436
10328,LEGO® Icons 10328 Rosenstrauß NEU OVP,,,,41.00,432
40712,LEGO® 40712 Mikro-Startrampe NEU OVP EXKLUSIV!,,,,33.60,390
76199,LEGO® Super Heroes 76199 Carnage NEU OVP,,,,80.00,378
75810,75810 Stranger Things The Upside Down EOL,,,,671.04,370
10311,Creator Expert 10311 Orchidee,,,,45.00,356
40478,LEGO® 40478 Kleines Disney Schloss NEU OVP,,,,44.99,310
76968,LEGO® Jurassic World 76968 Dino-Fossilien: Tyrannosaurus rex,,,,231.99,301
40573,LEGO® Promotional 40573 Weihnachtsbaum NEU OVP!,,,,39.00,294
40719,LEGO® 40719 Traditionelles Schachspiel NEU OVP EXKLUSIV!,,,,79.99,291
75385,Star Wars 75385 Ahsoka Tanos Duell auf Peridea,,,,67.19,279
10326,LEGO® Icons 10326 Naturhistorisches Museum,,,,287.99,277
76437,LEGO® Harry Potter 76437 Der Fuchsbau Sammleredition,,,,239.99,275
853910,LEGO® 853910 Minifiguren-Keramikbecher NEU OVP,,,,19.19,275
10316,LEGO® Icons 10316 Herr der Ringe - Bruchtal NEU OVP EXKLUSIV!,,,,423.15,273
40649,LEGO® 40649 Große LEGO Minifigur NEU OVP EXKLUSIV!,,,,59.79,270
76440,LEGO® Harry Potter 76440 Trimagisches Turnier: Die Ankunft EOL!,,,,134.99,256
60440,LEGO® City 60440 Sattelzug NEU OVP EOL!,,,,99.19,250
43242,LEGO® Disney 43242 Hütte Schneewittchen und sieben Zwerge NEU OVP!,,,,269.99,232
21338,LEGO® Ideas 21338 Finnhütte NEU OVP! EOL!,,,,199.99,222
21348,LEGO® Ideas 21348 Dungeons & Dragons: Die Sage vom Roten Drachen,,,,399.99,218
40813,40813 Glückskatze,,,,36.00,216
10300,LEGO® Icons 10300 Die Zeitmaschine Zurück in die Zukunft,,,,167.39,215
11373,LEGO® Icons 11373 Der Herr der Ringe: Saurons Helm,,,,52.80,211
40499,LEGO® 40499 Schlitten des Weihnachtsmanns NEU OVP,,,,28.79,210
21358,LEGO® Ideas 21358 Spielzeugautomat mit Minifiguren EXKLUSIV!,,,,159.00,207
30628,Harry Potter 30628 Das Monsterbuch der Monster,,,,79.00,203
76959,LEGO® Jurassic World 76959 Triceratops-Forschung NEU OVP,,,,52.25,199
76333,LEGO® Super Heroes 76333 Batman & Robin: Batmobil EXKLUSIV!,,,,27.59,198
10345,LEGO® Botanicals 10345 Blumengesteck NEU OVP EXKLUSIV!,,,,100.00,197
21342,LEGO® Ideas 21342 Die Insektensammlung NEU OVP EXKLUSIV!,,,,76.79,184
10332,LEGO® Icons 10332 Mittelalterlicher Stadtplatz NEU OVP EXKLUSIV!,,,,218.49,183
71799,Ninjago 71799 Die Märkte von NINJAGO City,,,,479.99,182
77073,Fortnite 77073 Schlachtenbus,,,,99.99,178
21350,LEGO® Ideas 21350 Der weiße Hai NEU OVP EXKLUSIV!,,,,147.19,177
43249,Disney 43249 Stitch,,,,55.00,177
10290,Creator Expert 10290 Pickup,,,,150.00,176
21376,LEGO® Ideas 21376 Orangefarbene Katze EXKLUSIV!,,,,91.20,173
21341,LEGO® Ideas 21341 Disney Hocus Pocus: Hexenhaus Sanderson,,,,227.49,173
76974,LEGO® Jurassic World 76974 Mosasaurier: Die Bootmission NEU OVP,,,,55.00,164
77256,LEGO® Speed Champions 77256 Zeitmaschine Zurück in die Zukunft,,,,23.25,158
40575,LEGO® 40575 Jahr des Kaninchens NEU OVP EXKLUSIV!,,,,14.99,152
40355,LEGO® 40355 Jahr der Ratte,,,,14.55,150
42184,Technic 42184 Koenigsegg Jesko Absolut,,,,57.59,144
71051,LEGO® 71051 Minifiguren Serie 28 - 12er Set,,,,38.39,143
40659,LEGO® Disney 40659 Steamboat Willie Mini-Modell EXKLUSIV!,,,,38.40,141
40650,LEGO® Creator 40650 Klassischer Land Rover Defender NEU OVP,,,,19.19,138
71841,Ninjago 71841 Drachensturmdorf,,,,39.00,138
10340,LEGO® Icons 10340 Weihnachtskranz NEU OVP!,,,,87.40,136
75409,LEGO® Star Wars 75409 Jango Fetts Sternenschiff Firespray-Klasse,,,,256.68,126
10352,LEGO® Icons 10352 The Simpsons™: Krusty Burger EXKLUSIV!,,,,168.34,125
75435,LEGO® Star Wars 75435 MTT der Separatisten Schlacht von Felucia,,,,114.68,125
21355,LEGO® Ideas 21355 Die Entstehung von MINT NEU OVP EXKLUSIV!,,,,71.99,124
40801,"BrickHeadz 40801 Mike, Dustin, Lucas und Will",,,,44.99,124
21357,LEGO® Ideas 21357 Disney Pixar Luxo Jr. NEU!,,,,51.30,123
10360,LEGO® Icons 10360 Spaceshuttle-Transport-Jumbo EXKLUSIV!,,,,210.00,122
40921,LEGO® 40921 Große Minifigur Blauer Astronaut EXKLUSIV!,,,,58.19,110
21271,LEGO® Minecraft 21271 Prüfungskammern NEU OVP EXKLUSIV!,,,,40.31,107
43021,LEGO® 43021 Nike Dunk Trickshot EXKLUSIV!,,,,46.49,105
77252,LEGO® Speed Champions 77252 APXGP Team Race Car F1 Der Film,,,,28.79,100
40820,40820 Große Weihnachtsmann-Minifigur,,,,75.84,97
75406,LEGO® Star Wars 75406 Kylo Rens Kommandoshuttle NEU OVP,,,,64.99,96
71855,LEGO® Ninjago 71855 Showdown mit dem Ninja-Drachen Riyu,,,,43.20,95
42175,LEGO® Technic 42175 Volvo FMX LKW mit EC230 Electric Raupenbagger,,,,164.16,94
77015,Indiana Jones 77015 Tempel des goldenen Götzen,,,,153.60,93
21337,LEGO® Ideas 21337 Tischkicker NEU OVP EXKLUSIV!,,,,226.99,92
60475,City 60475 Adventskalender 2025,,,,32.19,91
31212,LEGO® ART 31212 Die Milchstraßen-Galaxie NEU OVP!,,,,155.10,90
21276,LEGO® Minecraft 21276 Der Creeper,,,,39.99,88
60512,LEGO® City 60512 Mountainbike-Abenteuervan EXKLUSIV!,,,,22.99,83
40681,LEGO® Icons 40681 Retro Food Truck NEU OVP EXKLUSIV!,,,,37.99,83
40819,LEGO® 40819 Große Rennfahrer-Minifigur EXKLUSIV!,,,,62.39,80
76300,LEGO® Super Heroes 76300 Arkham Asylum NEU OVP EXKLUSIV!,,,,286.00,79
11384,LEGO® Icons 11384 Golden Retriever Welpe NEU OVP EXKLUSIV!,,,,105.59,79
40409,LEGO® 40409 Hot Rod NEU OVP,,,,20.23,79
40916,LEGO® Botanicals 40916 Bepflanzter Bilderrahmen EXKLUSIV!,,,,37.99,78
40619,BrickHeadz 40619 EVE und WALL-E,,,,24.99,78
10333,LEGO® Icons 10333 Herr der Ringe: Barad-dûr NEU OVP EXKLUSIV!,,,,432.39,77
40560,BrickHeadz 40560 Die Professoren von Hogwarts,,,,49.99,76
40707,LEGO® 40707 Jahr der Schlange EXKLUSIV!,,,,19.19,75
75430,LEGO® Star Wars 75430 Der Ewok Wicket,,,,115.19,74
21262,LEGO® Minecraft 21262 Die Windmühlenfarm NEU EXKLUSIV!,,,,59.99,74
40766,LEGO® Promotional 40766 Hommage an Jane Austen EXKLUSIV!,,,,53.35,72
40743,40743 Weihnachtsgesteck,,,,39.00,72
40955,LEGO® 40955 Maersk-Containerschiff Zweistoffantrieb,,,,142.60,70
21356,LEGO® Ideas 21356 Flussraddampfer NEU OVP EXKLUSIV!,,,,287.99,68
71813,LEGO® Ninjago 71813 Wolfsmasken-Dojo NEU EXKLUSIV,,,,122.19,65
11375,LEGO® Icons 11375 Ferrari F2004 und Michael Schumacher,,,,65.09,63
40759,LEGO® 40759 Festtagsserie: Valentinstag Geschenk,,,,27.84,63
72046,LEGO® Gaming 72046 Game Boy NEU,,,,57.59,63
40728,Fortnite 40728 Farbenbomber,,,,19.99,63
40450,LEGO® 40450 Hommage an Amelia Earhart NEU OVP EXKLUSIV!,,,,33.60,62
60509,LEGO® City 60509 Harbor Freight Train with Crane & Truck,,,,83.66,60
40805,LEGO® 40805 Spielautomat EXKLUSIV!,,,,41.84,60
40486,40486 adidas Originals Superstar,,,,47.99,60
40817,LEGO® 40817 Gelber Reisekoffer NEU,,,,18.99,59
71048,LEGO® Minifigures 71048 Serie 27 - 12er Set,,,,42.75,58
40824,40824 Liebesbote Tweety,,,,39.99,58
40528,LEGO® Store 40528 NEU OVP EXKLUSIV!,,,,28.19,57
76457,LEGO® Harry Potter 76457 Dorf Hogsmeade Sammleredition,,,,321.08,56
11371,LEGO® Icons 11371 Einkaufsmeile NEU OVP EXKLUSIV!,,,,229.90,56
40757,LEGO® Icons 40757 Kiosk an der Ecke EXKLUSIV! NEU OVP!,,,,33.25,56
40825,LEGO® 40825 Halloweenkranz EXKLUSIV!,,,,42.74,56
40380,BrickHeadz 40380 Osterschaf,,,,15.00,56
40761,LEGO® Icons 40761 Herr der Ringe: Sméagol & Déagol EXKLUSIV!,,,,91.99,55
21061,Architecture 21061 Notre-Dame de Paris,,,,191.99,55
10374,Icons 10374 Rosa Rosenstrauß,,,,59.99,55
40867,LEGO® 40867 LOVE 4 Buchstaben EXKLUSIV!,,,,22.99,53
10323,LEGO® Icons 10323 PAC-MAN Spielautomat NEU OVP EXKLUSIV!,,,,257.59,53
40352,BrickHeadz 40352 Erntedankfest-Vogelscheuche,,,,17.00,52
21367,LEGO® Ideas 21367 Die Mondrakete von Tim und Struppi NEU OVP,,,,131.59,50
40588,Promotional 40588 Blumentopf,,,,47.99,50
40793,LEGO® BrickHeadz 40793 Tom & Jerry Figuren,,,,19.19,49
43008,LEGO® 43008 Nike Dunk x LEGO Set EXKLUSIV!,,,,98.99,48
76449,LEGO® Harry Potter 76449 Beißendes Monsterbuch der Monster,,,,48.88,48
76251,LEGO® Super Heroes 76251 Star-Lords Helm NEU EXKLUSIV!,,,,86.39,45
60494,LEGO® City 60494 Kipplaster und Schaufellader,,,,83.72,42
75397,LEGO® Star Wars 75397 Jabbas Segelbarke EXKLUSIV!,,,,413.99,41
75429,LEGO® Star Wars 75429 AT-AT Pilot Helm EXKLUSIV!,,,,81.88,41
10314,Icons 10314 Trockenblumengesteck,,,,59.99,41
10363,Icons 10363 Leonardo da Vincis Fluggerät,,,,55.00,39
76919,Speed Champions 76919 McLaren Formel-1 2023,,,,26.99,37
40926,LEGO® Gaming 40926 SEGA Mega Drive Spielkonsole EXKLUSIV!,,,,41.84,36
42129,LEGO® Technic 42129 4x4 Mercedes-Benz Zetros Offroad-Truck,,,,232.49,35
21365,LEGO® Ideas 21365 Turteltauben EXKLUSIV,,,,49.50,34
71434,Super Mario 71434 Limonadendschungel-Design-Set,,,,54.99,34
11374,LEGO® Icons 11374 Flipperautomat NEU OVP EXKLUSIV!,,,,202.10,32
80113,LEGO® 80113 Familientreffen NEU OVP EXKLUSIV,,,,127.40,32
11389,LEGO® Icons 11389 Der Astronaut EXKLUSIV!,,,,105.59,31
21366,Ideas 21366 Schwimmende Otter,,,,89.00,31
77255,Speed Champions 77255 Lightning McQueen,,,,27.99,31
75573,LEGO® Avatar 75573 Schwebende Berge: Site 26 und RDA Samson NEU OVP!,,,,79.99,30
40634,LEGO® 40634 Ikonen NEU OVP EXKLUSIV!,,,,149.99,27
75428,LEGO® Star Wars 75428 Kampfdroide mit STAP EXKLUSIV!,,,,123.49,26
42136,LEGO® Technic 42136 John Deere 9620R 4WD Tractor NEU OVP,,,,42.24,25
76965,LEGO® Jurassic World 76965 Dino-Missionen: Stegosaurus,,,,59.99,24
75379,Star Wars 75379 R2-D2,,,,88.88,22
75417,LEGO® Star Wars 75417 AT-ST Kampfläufer NEU OVP,,,,148.80,21
75192,LEGO® Star Wars 75192 Millennium Falcon UCS NEU OVP!,,,,799.00,20
40810,LEGO® Promotional 40810 LEGOLAND Park Portal EXKLUSIV!,,,,33.24,19
77253,Speed Champions 77253 Bugatti Vision GT,,,,27.99,17
11505,LEGO® Botanicals 11505 Waldpilze NEU OVP!,,,,66.24,15
43010,LEGO® 43010 Nike Slam Dunk EXKLUSIV,,,,62.07,15
31393,LEGO® Creator 31393 Waldtiere: Wolf EXKLUSIV!,,,,52.80,11
42141,LEGO® Technic 42141 McLaren Formel 1 Rennwagen,,,,169.00,11
75636,One Piece 75636 Hütte im Windmühlendorf,,,,29.99,11
75640,One Piece 75640 Baratié Schwimmendes Restaurant,,,,259.19,9
42215,Technic 42215 Volvo EC500 Hybrid Bagger,,,,319.68,9
80051,Monkie Kid 80051 Mini-Mech,,,,44.99,8
75338,Star Wars 75338 Überfall auf Ferrix,,,,89.99,6
11512,LEGO® Botanicals 11512 Hängende Efeutute EXKLUSIV!,,,,56.39,0
21369,LEGO® Ideas 21369 The X-Files EXKLUSIV!,,,,191.99,0
75647,LEGO® One Piece 75647 Gum-Gum-Frucht NEU OVP EXKLUSIV!,,,,62.39,0
75458,LEGO® Star Wars 75458 Helm AT-RT-Pilot des Restimperiums,,,,64.99,0
77984,LEGO® Jurassic World 77984 Jurassic Park Jeep Wrangler,,,,192.00,0
21591,LEGO® Minecraft 21591 Duell mit dem Krummen Wärter,,,,47.99,0
75442,LEGO® Star Wars 75442 UCS The Mandalorian N-1 Starfighter,,,,224.66,0
75459,LEGO® Star Wars 75459 Imperiales Shuttle der Lambda-Klasse,,,,139.49,0
10366,LEGO® Icons 10366 Tropisches Aquarium EXKLUSIV!,,,,403.88,0
75461,LEGO® Star Wars 75461 Große Darth-Vader-Minifigur EXKLUSIV!,,,,87.40,0
11378,LEGO® Icons 11378 Douglas DC-3 PAN AM Passagierflugzeug,,,,216.99,0
21359,LEGO® Ideas 21359 Die Italienische Riviera,,,,253.79,0
11513,LEGO® Botanicals 11513 Dunkles Blumengesteck EXKLUSIV!,,,,56.99,0
43306,LEGO® Disney 43306 Lotso EXKLUSIV!,,,,41.84,0
31394,LEGO® Creator 31394 Niedliche Tiere: Roter Panda EXKLUSIV!,,,,32.33,0
77120,LEGO® Sonic 77120 Shadows Mech vs. G.U.N. Trooper EXKLUSIV!,,,,48.49,0
77985,LEGO Jurassic World 77985 Triceratops Dinosaurier Skelett,,,,74.39,0
71052,LEGO® Minifiguren 71052 Serie 29 - 36er Box NEU OVP!,,,,103.55,0
40690,LEGO® 40690 Hommage an die Bücher von Jules Verne EXKLUSIV!,,,,42.30,0
42242,LEGO® Technic 42242 Mercedes-Benz Unimog U 5023 mit Kran,,,,113.99,0
75460,LEGO® Star Wars 75460 Neuer Republikanischer X-Wing Starfighter,,,,64.31,0
80112,LEGO® 80112 Glückverheißender Drache EXKLUSIV EOL,,,,129.27,0
40920,LEGO® 40920 Bugs Bunny EXKLUSIV!,,,,41.84,0
71837,LEGO® Ninjago 71837 NINJAGO City Werkstätten EXKLUSIV!,,,,224.66,0
31378,LEGO® Creator 31378 Weltraumteleskop EXKLUSIV!,,,,35.89,0
10354,LEGO® Icons 10354 Herr der Ringe: Das Auenland EXKLUSIV!,,,,241.79,0
76478,LEGO Harry Potter 76478 Bücherstütze: Dumbledores Büro,,,,112.79,0
40595,LEGO® Ideas 40595 Hommage an Galileo Galilei EXKLUSIV!,,,,46.50,0
43025,LEGO® Editions 43025 Nike Air Max 95 EXKLUSIV!,,,,96.59,0
10357,LEGO® Icons 10357 Shelby Cobra 427 S/C NEU OVP EXKLUSIV!,,,,127.88,0
42241,LEGO® Technic 42241 Grüner Bugatti Chiron Pur Sport EXKLUSIV!,,,,64.39,0
80121,LEGO® 80121 Altes Gasthaus EXKLUSIV!,,,,108.10,0
77981,LEGO Jurassic World 77981 Rettungszentrum Junge Velociraptoren,,,,43.20,0
80120,LEGO® 80120 Karpfen Springt übers Drachentor EXKLUSIV!,,,,51.70,0
40687,LEGO® 40687 Alien-Diner EXKLUSIV NEU OVP,,,,17.76,0
43302,"LEGO® Disney 43302 Main Street, U.S.A. NEU EXKLUSIV!",,,,349.99,0
80011,LEGO 80011 Monkie Kid Red Son's Inferno Truck,,,,122.20,0
60501,LEGO® City 60501 Lava Land-Achterbahnpark EXKLUSIV!,,,,96.59,0
40695,LEGO® Harry Potter 40695 Borgin and Burkes: Floo Network,,,,41.40,0
40586,LEGO® Icons 40586 Umzugswagen EXKLUSIV!,,,,24.96,0
40864,LEGO® 40864 Glücksbringer EXKLUSIV!,,,,33.59,0
40701,LEGO® 40701 Ballerina-Szene EXKLUSIV!,,,,22.99,0
40746,LEGO® 40746 Santa's Delivery Truck EXKLUSIV!,,,,21.12,0
60508,LEGO® City 60508 Überfall auf den Polizeizug NEU OVP,,,,150.00,0
40913,LEGO® Icons 40913 Oldtimer-Parade EXKLUSIV!,,,,23.99,0
42674,LEGO® Friends 42674 Comic- und Spieleladen,,,,81.60,0
31216,LEGO® Art 31216 Keith Haring Tanzende Figuren NEU,,,,93.06,0
40673,LEGO® BrickHeadz 40673 Micky Maus im Frühlingsfestkostüm,,,,10.08,0
40688,LEGO® 40688 Siegerpokal EXKLUSIV!,,,,16.49,0
11503,LEGO® Botanicals 11503 Blumen an der Wand,,,,85.36,0
40671,LEGO® BrickHeadz 40671 Groot im Topf NEU OVP EXKLUSIV!,,,,16.49,0
21368,LEGO® Ideas 21368 Peanuts: Snoopys Hundehütte NEU OVP,,,,69.99,0
10356,LEGO® Icons 10356 Star Trek: U.S.S. Enterprise NCC-1701-D,,,,347.79,0
40925,LEGO® BrickHeadz 40925 Alice im Wunderland EXKLUSIV!,,,,44.99,0
40685,LEGO® 40685 Erlebnisfreibad EXKLUSIV,,,,19.19,0
40922,LEGO® BrickHeadz 40922 Lilo & Stitch: Angel NEU OVP,,,,16.32,0
40373,LEGO® 40373 Jahrmarkt-Minifiguren-Zubehörset NEU OVP!,,,,11.52,0
75419,LEGO® Star Wars 75419 Todesstern EXKLUSIV!,,,,950.00,0
60488,LEGO® City 60488 Pommes-Truck,,,,19.19,0
40689,LEGO® 40689 Feuerwerk EXKLUSIV!,,,,15.00,0
42196,LEGO® Technic 42196 Lamborghini Huracán Tecnica Orange,,,,49.50,0
40957,LEGO® 40957 Frühlingskranz NEU OVP EXKLUSIV!,,,,43.20,0
40507,LEGO® 40507 I love Billund EXKLUSIV! NEU OVP!,,,,159.99,0
40680,LEGO® 40680 Blumenladen EXKLUSIV!,,,,20.24,0
43020,LEGO® 43020 Offizieller Pokal FIFA Fußball-WM NEU OVP!,,,,142.50,0
40802,LEGO® BrickHeadz 40802 Luna Lovegood & Thestral Figuren,,,,24.24,0
40952,LEGO® Promotional 40952 LEGOLAND Castle EXKLUSIV!,,,,63.69,0
40915,LEGO® 40915 Lion Dance EXKLUSIV!,,,,26.88,0
40792,LEGO® BrickHeadz 40792 Dumbo NEU OVP,,,,14.54,0
60511,LEGO® City 60511 Klassischer Dampfzug NEU OVP!,,,,79.00,0
40860,LEGO® BrickHeadz 40860 Toy Story EXKLUSIV,,,,44.99,0
40804,LEGO® BrickHeadz 40804 Bumblebee Mech & Fahrzeug,,,,24.24,0
40760,LEGO® Fortnite 40760 Abenteuer-Schali und Kuschelbeauftragte,,,,28.79,0
40646,LEGO® Icons 40646 Narzissen EOL!,,,,16.98,0
40670,LEGO® BrickHeadz 40670 Iron Spider-Man NEU OVP,,,,16.49,0
40683,LEGO® 40683 Blumenrankgitter NEU OVP EXKLUSIV!,,,,19.19,0
40878,LEGO® BrickHeadz 40878 Teenage Mutant Ninja Turtles Figuren,,,,44.00,0
10466,LEGO® Duplo 10466 Zugfahrt mit Opa EXKLUSIV!,,,,43.19,0
40521,LEGO® Promotional 40521 The Haunted Mansion Disney Parks,,,,27.89,0
60495,LEGO® City 60495 Recycling-LKW NEU OVP EXKLUSIV!,,,,41.27,0
77093,LEGO® Gaming 77093 Ocarina of Time Das Letzte Gefecht,,,,116.24,0
75421,LEGO® Star Wars 75421 SMART Play: Darth Vaders TIE Fighter,,,,64.39,0
40822,LEGO® 40822 Pickup mit Halloweenkürbis EXKLUSIV!,,,,22.00,0
76238,LEGO® Super Heroes 76238 Batman Maske TV-Klassiker NEU OVP,,,,64.99,0
40516,LEGO® 40516 Jeder ist besonders EXKLUSIV! EOL!,,,,41.84,0
60470,LEGO® City 60470 Arktis-Polarexpress NEU OVP,,,,164.99,0
80119,LEGO® 80119 Leinwand mit Galoppierenden Pferden EXKLUSIV!,,,,99.74,0
21360,LEGO® Ideas 21360 Willy Wonka und die Schokoladenfabrik EXKLUSIV!,,,,194.37,0
43279,LEGO® Disney 43279 WALL-E und EVE NEU,,,,56.05,0
76458,LEGO® Harry Potter 76458 Thestralfamilie EXKLUSIV,,,,64.39,0
11376,LEGO® Icons 11376 Ford Model T NEU OVP EXKLUSIV!,,,,109.25,0
43269,LEGO® Disney 43269 Welpe aus 101 Dalmatiner NEU OVP,,,,113.99,0
75381,LEGO® Star Wars 75381 Droideka NEU OVP,,,,55.79,0
43305,LEGO® Disney 43305 Ferkels Geburtstagsspaß EXKLUSIV!,,,,43.19,0
10362,LEGO® Icons 10362 Französisches Café NEU OVP!,,,,60.48,0
40891,LEGO® Promotional 40891 Stranger Things: WSQK Radio Station,,,,91.99,0
75427,LEGO® Star Wars 75427 SMART Play: A-Wing und Duell im Thronsaal,,,,153.59,0
40518,LEGO® Creator 40518 Hochgeschwindigkeitszug EXKLUSIV NEU OVP,,,,32.89,0
10367,LEGO® Icons 10367 Herr der Ringe: Gandalf vs. Balrog,,,,100.80,0
40879,LEGO® BrickHeadz 40879 Elfi Max Demogorgon Holly Figuren,,,,44.99,0
31171,LEGO® Creator 31171 Wilde Tiere: Prächtiges Nashorn mit Vögeln,,,,64.99,0
76321,LEGO® Super Heroes 76321 Spider-Man vs. Doc Ock: Showdown U-Bahn,,,,49.99,0
40797,LEGO® BrickHeadz 40797 I-Aah,,,,15.97,0
43232,LEGO® Disney 43232 Peter Pans & Wendys Flug über London NEU OVP,,,,62.39,0
40658,LEGO® Star Wars 40658 Millennium Falcon Weihnachtsdiorama,,,,33.59,0
40861,"LEGO® BrickHeadz 40861 Sulley, Mike und Boo Figuren EXKLUSIV!",,,,29.99,0
40803,LEGO® BrickHeadz 40803 Optimus Prime Mech & Fahrzeug,,,,23.24,0
43019,LEGO® 43019 Fußball NEU OVP!,,,,99.00,0
43307,LEGO® Disney 43307 Alien mit Pizza Planet Raketenfahrt EXKLUSIV!,,,,59.79,0
40923,"BrickHeadz 40923 Shrek, Donkey und Gingy",,,,43.19,0
76450,Harry Potter 76450 Buchstütze: Hogwarts Express,,,,76.79,0
40856,BrickHeadz 40856 The Mandalorian and Grogu,,,,44.99,0
75425,Star Wars 75425 SMART Play: Mos Eisley Cantina,,,,73.59,0
40775,Promotional 40775 Mini-Ritterburg,,,,24.96,0
40924,BrickHeadz 40924 Megatron,,,,28.79,0
40776,Promotional 40776 Weihnachtsmarktstand,,,,24.99,0
80056,Monkie Kid 80056 Neunköpfige Bestie,,,,84.99,0
75389,Star Wars 75389 Dunkler Millennium Falke,,,,152.64,0
40677,BrickHeadz 40677 Harry Potter Gefangene von Askaban,,,,47.49,0
71866,Ninjago 71866 15-Jubiläum Ninja-Charaktere,,,,37.19,0
76317,Super Heroes 76317 Peter Parkers Wohnung,,,,56.64,0
40748,BrickHeadz 40748 Batman 8-in-1,,,,28.49,0
30434,Creator 30434 Aston Martin Valkyrie 30er BOX,,,,110.40,0
60500,City 60500 Der LEGO Lieferwagen,,,,29.99,0
21063,Architecture 21063 Schloss Neuschwanstein,,,,224.63,0
75376,Star Wars 75376 Tantive IV,,,,75.00,0
42156,Technic 42156 PEUGEOT 9X8 Le Mans Hypercar,,,,189.99,0
75426,Star Wars 75426 SMART Play: Millennium Falke,,,,91.99,0
76330,Super Heroes 76330 Batman Logo,,,,66.74,0
11372,Icons 11372 Herbstlicher Landhausgarten,,,,109.99,0
76976,Jurassic World 76976 Spinosaurier & Quetzalcoatlus,,,,139.99,0
10342,Icons 10342 Rosafarbener Blumenstrauß,,,,57.59,0
21064,Architecture 21064 Paris - Stadt der Liebe,,,,69.99,0
30701,Icons 30701 Feldblumen 30er Box,,,,99.99,0
76973,Jurassic World 76973 Raptor & Titanosaurus,,,,86.39,0
72037,Super Mario 72037 Mario Kart: Mario & Standard-Kart,,,,148.80,0
40954,Creator 40954 Postkarte aus Deutschland,,,,24.99,0
43033,Editions 43033 Trikot US-Fußballnationalmannschaft 2026,,,,27.59,0
60423,City 60423 Straßenbahn mit Haltestelle,,,,75.00,0
40765,Star Wars 40765 Ausbildungszentrum auf Kamino,,,,45.00,0
21281,Minecraft 21281 Geburtstagsfeier des Babyschweins EOL,,,,38.39,0
40721,40721 Halloween-Scheune,,,,19.99,0
40426,Seasonal 40426 Türkranz / Adventskranz 2in1,,,,53.34,0
40881,BrickHeadz 40881 Vorratslama und Fischstäbchen,,,,27.59,0
75444,Star Wars 75444 Angriff des AT-RT,,,,49.99,0
40674,BrickHeadz 40674 Stitch,,,,19.99,0
75423,Star Wars 75423 SMART Play: Lukes Rot Fünf X-Wing,,,,83.69,0
10353,Icons 10353 Williams Racing FW14B Nigel Mansell,,,,79.99,0
75382,Star Wars 75382 TIE-Abfangjäger,,,,239.99,0
11508,Icons 11508 Gänseblümchen,,,,19.39,0
11504,Icons 11504 Friedenslilie,,,,59.99,0
5007905,5007905 Harry Potter Schlüsselleuchte,,,,19.99,0
21226,Art 21226 Gemeinsames Kunstprojekt,,,,109.99,0
10280,Creator 10280 Blumenstrauß,,,,50.00,0
60469,City 60469 Hauptbahnhof,,,,75.00,0
60466,City 60466 Gelber Bulldozer,,,,59.99,0
30727,Star Wars 30727 TIE Advanced Mini 30er Box,,,,119.70,0
80036,Monkie Kid 80036 Stadt der Laternen,,,,160.00,0
40487,Ideas 40487 Segelboot Abenteuer,,,,39.99,0
76304,Super Heroes 76304 Batman Forever Batmobil,,,,89.99,0
76975,Jurassic World 76975 Flucht vor dem T.Rex,,,,49.99,0
31167,Creator 31167 Geisterhaus 3-in-1,,,,80.00,0
80024,Monkie Kid 80024 Berg der Blumen und Früchte,,,,289.99,0
40703,Ninjago Mikromodelle 40703 40704 40705 40706,,,,129.99,0
10343,Icons 10343 Mini-Orchidee,,,,29.99,0
40814,40814 Schwebender Baby-Elefant,,,,31.99,0
75399,Star Wars 75399 Rebel U-Wing Starfighter,,,,69.99,0
40678,40678 Feiertagskalender,,,,29.99,0
11502,Icons 11502 Sonnenblumen,,,,59.99,0
43277,Disney 43277 Cruella de Vils Auto,,,,49.99,0
60503,City 60503 Hubschrauber der Küstenwache,,,,59.99,0
60487,City 60487 Gelbes Taxi,,,,19.99,0
40720,Disney 40720 Mini-Dornröschenschloss,,,,44.99,0
30390,Jurassic World 30390 Dinosaur Market 30er BOX,,,,105.00,0
40779,Promotional 40779 Jahr des Pferdes,,,,14.99,0
75420,Star Wars 75420 SMART Play: Lukes Landspeeder,,,,39.99,0
42171,Technic 42171 Mercedes-AMG F1 W14 E Performance,,,,191.00,0
76456,Harry Potter 76456 Adventskalender 2025,,,,34.99,0
76470,Harry Potter 76470 Fliegender Ford Anglia,,,,79.99,0
42167,Technic 42167 Mack LR Electric Müllwagen,,,,34.99,0
75436,Star Wars 75436 Mandalorianer und Grogu Speeder Bike,,,,14.99,0
76970,Jurassic World 76970 Babydinosaurier Dolores: Aquilops,,,,24.99,0
60474,City 60474 F1 Startaufstellung VCARB & Sauber,,,,39.99,0
11509,Icons 11509 Blühender Kaktus,,,,29.99,0
42146,Technic 42146 Liebherr LR 13000 Raupenkran,,,,652.79,0
40669,Super Heroes 40669 Iron Man MK5,,,,14.99,0
76433,Harry Potter 76433 Zaubertrankpflanze: Alraune,,,,64.99,0
5007906,5007906 Hermine Granger Schlüsselleuchte,,,,19.99,0
40763,Creator 40763 Weltkindertag-Teddy,,,,25.00,0
42224,Technic 42224 Porsche 911 GT3 R REXY AO Racing,,,,139.99,0
40359,40359 Bilderrahmen,,,,18.99,0
60422,City 60422 Hafen mit Frachtschiff,,,,109.99,0
40675,BrickHeadz 40675 Klon Commander Cody,,,,14.99,0
71858,Ninjago 71858 15-Jubiläum Vier-Waffen-Schmiede,,,,99.99,0
11501,Botanicals 11501 Tulpenstrauß,,,,59.99,0
40548,BrickHeadz 40548 Hommage an die Spice Girls EOL,,,,35.00,0
60478,City 60478 Betonmischer,,,,39.99,0
40711,40711 Igel und ihr Picknick-Date,,,,19.99,0
76969,Jurassic World 76969 Dino-Fossilien: Triceratops-Schädel,,,,44.99,0
80103,80103 Drachenbootrennen,,,,69.00,0
40796,BrickHeadz 40796 Helden und Bösewichte Rache der Sith,,,,55.00,0
40885,Creator 40885 Entenfamilie,,,,39.00,0
60367,City 60367 Passagierflugzeug,,,,99.99,0
10291,Creator Expert 10291 Queer Eye Loft der Fab 5,,,,86.39,0
80013,Monkie Kid 80013 Geheime Teambasis,,,,219.99,0
75440,Star Wars 75440 AT-AT,,,,64.99,0
40798,BrickHeadz 40798 Roter Panda Mei,,,,14.99,0
40676,BrickHeadz 40676 Die dunkle Bedrohung,,,,50.00,0
60499,City 60499 Flughafenlöschfahrzeug,,,,69.99,0
42165,Technic 42165 Mercedes-AMG F1 W14 Pull-Back,,,,29.99,0
75443,Star Wars 75443 Grogus Zuhause,,,,19.99,0
42096,Technic 42096 Porsche 911 RSR,,,,191.99,0
42121,Technic 42121 Hydraulikbagger EOL,,,,139.99,0
40682,40682 Frühlingsgartenhaus,,,,19.99,0
75422,Star Wars 75422 SMART Play: Jedi-Training Yodas Hütte,,,,69.99,0
40547,BrickHeadz 40547 Obi-Wan Kenobi & Darth Vader EOL,,,,29.99,0
71847,Ninjago 71847 Der Wächterdrache,,,,149.99,0
21279,Minecraft 21279 Der Enderman-Turm,,,,99.99,0
10347,Icons 10347 Kleiner Sommerstrauß,,,,29.99,0
60479,City 60479 Gefangenentransporter,,,,24.99,0
40622,BrickHeadz 40622 100-jähriges Disney Jubiläum,,,,39.99,0
5007907,5007907 Ron Weasley Schlüsselleuchte,,,,19.99,0
75452,Star Wars 75452 Astromech-Droide BB-8,,,,89.99,0
76972,Jurassic World 76972 Raptor: Verfolgungsjagd Geländewagen,,,,34.99,0
42602,Friends 42602 Fahrzeug zur Weltraumforschung,,,,59.99,0
60505,"City 60505 Flugzeug, Wartungsfahrzeug, Luftkissenboot",,,,69.99,0
75448,Star Wars 75448 Klon-Schocktruppen Mech,,,,19.99,0
31174,Creator 31174 Retro-Telefon,,,,29.99,0
30683,Speed Champions 30683 McLaren Formel-1 30er Box,,,,105.00,0
31168,Creator 31168 Ritterburg im Mittelalter,,,,109.99,0
76459,Harry Potter 76459 Hagrids und Harrys Flucht Ligusterweg,,,,24.99,0
75441,Star Wars 75441 Angriffskreuzer der Venator-Klasse,,,,79.99,0
76461,Harry Potter 76461 Wichtel,,,,34.99,0
75367,Star Wars 75367 Venator-Klasse Angriffskreuzer,,,,623.99,0
21273,Minecraft 21273 Angriff des Ghast-Ballons,,,,69.99,0
